DO23018	LIHC-US	SP49531	SA269269	TCGA-G3-A25S-01A-11R-A16W-07	585	GAF	ALB	4.62429824641126E-4	40390		GRCh37	Illumina HiSeq		RNASeqV2_RSEM_genes https://tcga-data.nci.nih.gov/tcgafiles/ftp_auth/distro_ftpusers/anonymous/tumor				RNA-Seq	CGHub	4fd1e10d-c21a-49f8-9d77-a5aa7850d883	
DO23014	LIHC-US	SP49517	SA269164	TCGA-DD-A119-01A-11R-A131-07	157	GAF	ALB	0.0278308964922217	2338403		GRCh37	Illumina HiSeq		RNASeqV2_RSEM_genes https://tcga-data.nci.nih.gov/tcgafiles/ftp_auth/distro_ftpusers/anonymous/tumor				RNA-Seq	CGHub	3d0d0f6b-4caa-4c53-b971-17466f076e95	
DO23014	LIHC-US	SP49526	SA269230	TCGA-DD-A119-11A-11R-A131-07	171	GAF	ALB	0.0297571009840798	2531210		GRCh37	Illumina HiSeq		RNASeqV2_RSEM_genes https://tcga-data.nci.nih.gov/tcgafiles/ftp_auth/distro_ftpusers/anonymous/tumor				RNA-Seq	CGHub	d5e600a3-d273-4879-ac33-1a72a02073e5	
DO23010	LIHC-US	SP49513	SA269122	TCGA-DD-A11D-11A-12R-A131-07	156	GAF	ALB	0.0698111471691781	4958170		GRCh37	Illumina HiSeq		RNASeqV2_RSEM_genes https://tcga-data.nci.nih.gov/tcgafiles/ftp_auth/distro_ftpusers/anonymous/tumor				RNA-Seq	CGHub	8e70d12c-38fd-4da2-ad1e-b7f860959aa2	
DO23010	LIHC-US	SP49509	SA269080	TCGA-DD-A11D-01A-11R-A131-07	556	GAF	ALB	0.062034356607041	2446117		GRCh37	Illumina HiSeq		RNASeqV2_RSEM_genes https://tcga-data.nci.nih.gov/tcgafiles/ftp_auth/distro_ftpusers/anonymous/tumor				RNA-Seq	CGHub	62a6d38d-34a2-4d06-962f-95cc89d582d4	
DO23028	LIHC-US	SP49551	SA269401	TCGA-CC-A1HT-01A-11R-A131-07	174	GAF	ALB	0.00112467764367301	117866		GRCh37	Illumina HiSeq		RNASeqV2_RSEM_genes https://tcga-data.nci.nih.gov/tcgafiles/ftp_auth/distro_ftpusers/anonymous/tumor				RNA-Seq	CGHub	63a48c81-2b6c-4f68-a76b-69ff2fc449ed	
DO23023	LIHC-US	SP49541	SA269335	TCGA-EP-A2KA-01A-11R-A180-07	612	GAF	ALB	0.079985909471868	6644616		GRCh37	Illumina HiSeq		RNASeqV2_RSEM_genes https://tcga-data.nci.nih.gov/tcgafiles/ftp_auth/distro_ftpusers/anonymous/tumor				RNA-Seq	CGHub	e41bb478-2e81-4ce3-a0c7-e5412ea80490	
DO23006	LIHC-US	SP49501	SA269005	TCGA-BC-A112-01A-11R-A131-07	161	GAF	ALB	0.0257184284165109	1539297		GRCh37	Illumina HiSeq		RNASeqV2_RSEM_genes https://tcga-data.nci.nih.gov/tcgafiles/ftp_auth/distro_ftpusers/anonymous/tumor				RNA-Seq	CGHub	f2b83833-c94a-4fc1-ae6a-7caf4f3a1353	
DO23002	LIHC-US	SP49493	SA268924	TCGA-BC-A10W-01A-11R-A131-07	550	GAF	ALB	0.00748251909370905	557953		GRCh37	Illumina HiSeq		RNASeqV2_RSEM_genes https://tcga-data.nci.nih.gov/tcgafiles/ftp_auth/distro_ftpusers/anonymous/tumor				RNA-Seq	CGHub	affaf79d-f5a4-45a3-9cbf-181c473a8b2a	
DO23002	LIHC-US	SP49497	SA268966	TCGA-BC-A10W-11A-11R-A131-07	552	GAF	ALB	0.0707093056446401	5487128		GRCh37	Illumina HiSeq		RNASeqV2_RSEM_genes https://tcga-data.nci.nih.gov/tcgafiles/ftp_auth/distro_ftpusers/anonymous/tumor				RNA-Seq	CGHub	2436079d-3e40-4c50-9f99-85d4a8c2ddac	
DO23078	LIHC-US	SP49661	SA270127	TCGA-G3-A25Z-01A-11R-A16W-07	610	GAF	ALB	0.0203302124629352	2126236		GRCh37	Illumina HiSeq		RNASeqV2_RSEM_genes https://tcga-data.nci.nih.gov/tcgafiles/ftp_auth/distro_ftpusers/anonymous/tumor				RNA-Seq	CGHub	859fc4fb-40f5-40ce-8784-13eae0fa446a	
DO23073	LIHC-US	SP49651	SA270058	TCGA-G3-A25Y-01A-11R-A16W-07	604	GAF	ALB	0.014144956542764	1293429		GRCh37	Illumina HiSeq		RNASeqV2_RSEM_genes https://tcga-data.nci.nih.gov/tcgafiles/ftp_auth/distro_ftpusers/anonymous/tumor				RNA-Seq	CGHub	ca7f7d18-3f39-4454-8f72-eb432b800103	
DO49699	LIHC-US	SP109392	SA521013	TCGA-LG-A6GG-01A-11R-A311-07	910	GAF	ALB	0.0117496736102176	876952		GRCh37	Illumina HiSeq		RNASeqV2_RSEM_genes https://tcga-data.nci.nih.gov/tcgafiles/ftp_auth/distro_ftpusers/anonymous/tumor				RNA-Seq	CGHub	dc1a8da9-58bf-4394-a9f8-8e14da005ba7	
DO49697	LIHC-US	SP109388	SA520962	TCGA-KR-A7K2-01A-12R-A33R-07	1100	GAF	ALB	0.0454914684366838	2669307		GRCh37	Illumina HiSeq		RNASeqV2_RSEM_genes https://tcga-data.nci.nih.gov/tcgafiles/ftp_auth/distro_ftpusers/anonymous/tumor				RNA-Seq	CGHub	2242b367-081f-4369-9761-bcd225c05124	
DO49698	LIHC-US	SP109390	SA520987	TCGA-KR-A7K7-01A-11R-A33J-07	1098	GAF	ALB	0.0181395267203142	1438331		GRCh37	Illumina HiSeq		RNASeqV2_RSEM_genes https://tcga-data.nci.nih.gov/tcgafiles/ftp_auth/distro_ftpusers/anonymous/tumor				RNA-Seq	CGHub	c926906f-e63c-41e4-b117-87cf91206132	
DO49695	LIHC-US	SP109384	SA520918	TCGA-HP-A5MZ-01A-21R-A27V-07	830	GAF	ALB	0.033576571084161	2652604		GRCh37	Illumina HiSeq		RNASeqV2_RSEM_genes https://tcga-data.nci.nih.gov/tcgafiles/ftp_auth/distro_ftpusers/anonymous/tumor				RNA-Seq	CGHub	c3d40f5f-e3df-4bf7-867d-7d17fa8fc3ad	
DO49696	LIHC-US	SP109386	SA520944	TCGA-KR-A7K0-01A-12R-A33R-07	1090	GAF	ALB	0.0217479918041559	1429408		GRCh37	Illumina HiSeq		RNASeqV2_RSEM_genes https://tcga-data.nci.nih.gov/tcgafiles/ftp_auth/distro_ftpusers/anonymous/tumor				RNA-Seq	CGHub	e926e7f1-c849-47b4-b466-b1c2d187fdd2	
DO49693	LIHC-US	SP109380	SA520857	TCGA-G3-A7M7-01A-12R-A352-07	1193	GAF	ALB	0.0273135617650175	1878590		GRCh37	Illumina HiSeq		RNASeqV2_RSEM_genes https://tcga-data.nci.nih.gov/tcgafiles/ftp_auth/distro_ftpusers/anonymous/tumor				RNA-Seq	CGHub	0c31e1a3-2920-48f3-8609-f2e7ecd5ec51	
DO49694	LIHC-US	SP109382	SA520878	TCGA-G3-A7M9-01A-23R-A352-07	1196	GAF	ALB	0.00125989273903099	88285		GRCh37	Illumina HiSeq		RNASeqV2_RSEM_genes https://tcga-data.nci.nih.gov/tcgafiles/ftp_auth/distro_ftpusers/anonymous/tumor				RNA-Seq	CGHub	8bc6822e-7701-4719-a42a-3b7916cde80b	
DO23058	LIHC-US	SP49616	SA269842	TCGA-CC-A3MA-01A-11R-A213-07	672	GAF	ALB	0.00944179515933588	566733		GRCh37	Illumina HiSeq		RNASeqV2_RSEM_genes https://tcga-data.nci.nih.gov/tcgafiles/ftp_auth/distro_ftpusers/anonymous/tumor				RNA-Seq	CGHub	86cde8fe-ca8b-47f6-b121-df5a05d3ec4c	
DO23053	LIHC-US	SP49606	SA269782	TCGA-CC-5264-01A-01R-A131-07	160	GAF	ALB	0.0569862142306166	4729510		GRCh37	Illumina HiSeq		RNASeqV2_RSEM_genes https://tcga-data.nci.nih.gov/tcgafiles/ftp_auth/distro_ftpusers/anonymous/tumor				RNA-Seq	CGHub	06a52d13-3cb4-4d5f-94ef-55d980562486	
DO49682	LIHC-US	SP109353	SA520771	TCGA-ED-A97K-01A-21R-A38B-07	1515	GAF	ALB	0.00993166232778733	592597		GRCh37	Illumina HiSeq		RNASeqV2_RSEM_genes https://tcga-data.nci.nih.gov/tcgafiles/ftp_auth/distro_ftpusers/anonymous/tumor				RNA-Seq	CGHub	169bde29-467d-44b1-9260-6dc8cfb1e207	
DO23068	LIHC-US	SP49641	SA269986	TCGA-CC-A3MB-01A-11R-A213-07	592	GAF	ALB	0.0455302779961126	3908535		GRCh37	Illumina HiSeq		RNASeqV2_RSEM_genes https://tcga-data.nci.nih.gov/tcgafiles/ftp_auth/distro_ftpusers/anonymous/tumor				RNA-Seq	CGHub	97a9402f-537a-4767-bee3-72e1bebcdd97	
DO23063	LIHC-US	SP49626	SA269914	TCGA-DD-A116-01A-11R-A131-07	155	GAF	ALB	0.0131463255356133	1016566		GRCh37	Illumina HiSeq		RNASeqV2_RSEM_genes https://tcga-data.nci.nih.gov/tcgafiles/ftp_auth/distro_ftpusers/anonymous/tumor				RNA-Seq	CGHub	6dcfd83a-74cb-447c-ab0d-40894fa9d359	
DO23063	LIHC-US	SP49636	SA269956	TCGA-DD-A116-11A-12R-A26B-07	911	GAF	ALB	0.110323623670177	9905909		GRCh37	Illumina HiSeq		RNASeqV2_RSEM_genes https://tcga-data.nci.nih.gov/tcgafiles/ftp_auth/distro_ftpusers/anonymous/tumor				RNA-Seq	CGHub	f099f7fb-f07a-4529-83dc-e7023c52a999	
DO23033	LIHC-US	SP49561	SA269470	TCGA-G3-A25X-01A-11R-A16W-07	571	GAF	ALB	0.00840644838919265	676542		GRCh37	Illumina HiSeq		RNASeqV2_RSEM_genes https://tcga-data.nci.nih.gov/tcgafiles/ftp_auth/distro_ftpusers/anonymous/tumor				RNA-Seq	CGHub	11cbdb5a-82fd-471a-9b33-c5c1b9393716	
DO49659	LIHC-US	SP109301	SA520786	TCGA-BW-A5NQ-01A-11R-A27V-07	817	GAF	ALB	0.01451307452808	1022592		GRCh37	Illumina HiSeq		RNASeqV2_RSEM_genes https://tcga-data.nci.nih.gov/tcgafiles/ftp_auth/distro_ftpusers/anonymous/tumor				RNA-Seq	CGHub	818ed3ec-2c9c-41cc-8c01-18c9a95e9a02	
DO49657	LIHC-US	SP109296	SA520729	TCGA-4R-AA8I-01A-11R-A38B-07	1505	GAF	ALB	0.0151692987766254	834574		GRCh37	Illumina HiSeq		RNASeqV2_RSEM_genes https://tcga-data.nci.nih.gov/tcgafiles/ftp_auth/distro_ftpusers/anonymous/tumor				RNA-Seq	CGHub	da85d30e-2db7-45eb-8a28-6416c0e07b1f	
DO23048	LIHC-US	SP49591	SA269698	TCGA-DD-A1EL-01A-11R-A155-07	554	GAF	ALB	0.00192434205349828	207771		GRCh37	Illumina HiSeq		RNASeqV2_RSEM_genes https://tcga-data.nci.nih.gov/tcgafiles/ftp_auth/distro_ftpusers/anonymous/tumor				RNA-Seq	CGHub	4e27ce05-b76a-4d5a-b070-78c508f509a3	
DO23048	LIHC-US	SP49601	SA269746	TCGA-DD-A1EL-11A-11R-A155-07	561	GAF	ALB	0.105819819377105	10870594		GRCh37	Illumina HiSeq		RNASeqV2_RSEM_genes https://tcga-data.nci.nih.gov/tcgafiles/ftp_auth/distro_ftpusers/anonymous/tumor				RNA-Seq	CGHub	ddd83e9a-35cb-4539-8141-7557eccd3b34	
DO49658	LIHC-US	SP109299	SA520778	TCGA-BC-A8YO-01A-11R-A37K-07	1544	GAF	ALB	0.0182452544263358	1116055		GRCh37	Illumina HiSeq		RNASeqV2_RSEM_genes https://tcga-data.nci.nih.gov/tcgafiles/ftp_auth/distro_ftpusers/anonymous/tumor				RNA-Seq	CGHub	c10552f3-93ad-4f50-a420-3b5277416aef	
DO23043	LIHC-US	SP49581	SA269614	TCGA-BC-A10Z-01A-11R-A131-07	159	GAF	ALB	0.0153626595893041	1227536		GRCh37	Illumina HiSeq		RNASeqV2_RSEM_genes https://tcga-data.nci.nih.gov/tcgafiles/ftp_auth/distro_ftpusers/anonymous/tumor				RNA-Seq	CGHub	388a996e-0fb1-4274-905d-074ff0058d80	
DO23043	LIHC-US	SP49586	SA269656	TCGA-BC-A10Z-11A-11R-A131-07	572	GAF	ALB	0.0646307581481705	5203676		GRCh37	Illumina HiSeq		RNASeqV2_RSEM_genes https://tcga-data.nci.nih.gov/tcgafiles/ftp_auth/distro_ftpusers/anonymous/tumor				RNA-Seq	CGHub	07653b81-7194-4348-8ef9-1a7660c95376	
DO48558	LIHC-US	SP106760	SA515390	TCGA-ED-A8O5-01A-11R-A36F-07	1351	GAF	ALB	0.0235545228548216	1824969		GRCh37	Illumina HiSeq		RNASeqV2_RSEM_genes https://tcga-data.nci.nih.gov/tcgafiles/ftp_auth/distro_ftpusers/anonymous/tumor				RNA-Seq	CGHub	0636fc10-cfb4-427b-b3fc-cd9d7c0c7db6	
DO48559	LIHC-US	SP106765	SA515437	TCGA-G3-A6UC-01A-21R-A33J-07	1099	GAF	ALB	0.0252859740757811	1602147		GRCh37	Illumina HiSeq		RNASeqV2_RSEM_genes https://tcga-data.nci.nih.gov/tcgafiles/ftp_auth/distro_ftpusers/anonymous/tumor				RNA-Seq	CGHub	914e6f58-48b5-40aa-9336-69166bd6970b	
DO48555	LIHC-US	SP106754	SA515334	TCGA-ED-A8O6-01A-11R-A36F-07	1347	GAF	ALB	0.0500794983467681	3557661		GRCh37	Illumina HiSeq		RNASeqV2_RSEM_genes https://tcga-data.nci.nih.gov/tcgafiles/ftp_auth/distro_ftpusers/anonymous/tumor				RNA-Seq	CGHub	7de41172-ca92-4cb9-b7de-b92fbeb5b3ef	
DO48552	LIHC-US	SP106743	SA515284	TCGA-DD-A4NB-01A-12R-A266-07	758	GAF	ALB	0.00847959107142301	523187		GRCh37	Illumina HiSeq		RNASeqV2_RSEM_genes https://tcga-data.nci.nih.gov/tcgafiles/ftp_auth/distro_ftpusers/anonymous/tumor				RNA-Seq	CGHub	173a2cc4-0d27-4a27-857f-97a0e53fa8d1	
DO48532	LIHC-US	SP106699	SA515238	TCGA-ED-A7PZ-01A-11R-A33R-07	1089	GAF	ALB	0.00769817923890235	651913		GRCh37	Illumina HiSeq		RNASeqV2_RSEM_genes https://tcga-data.nci.nih.gov/tcgafiles/ftp_auth/distro_ftpusers/anonymous/tumor				RNA-Seq	CGHub	847c0750-c025-4c3d-be34-3721eff0b1b7	
DO48528	LIHC-US	SP106687	SA515154	TCGA-DD-A73D-01A-12R-A32O-07	999	GAF	ALB	0.0236952557508889	1682311		GRCh37	Illumina HiSeq		RNASeqV2_RSEM_genes https://tcga-data.nci.nih.gov/tcgafiles/ftp_auth/distro_ftpusers/anonymous/tumor				RNA-Seq	CGHub	3470b46c-4f18-47fe-a18f-f98c97e8996a	
DO48518	LIHC-US	SP106677	SA515107	TCGA-DD-A1EG-01A-11R-A213-07	573	GAF	ALB	0.0300833896686046	2804403		GRCh37	Illumina HiSeq		RNASeqV2_RSEM_genes https://tcga-data.nci.nih.gov/tcgafiles/ftp_auth/distro_ftpusers/anonymous/tumor				RNA-Seq	CGHub	caf05305-45bc-4858-b8b5-21fe37061a5c	
DO48518	LIHC-US	SP106683	SA515128	TCGA-DD-A1EG-11A-11R-A213-07	590	GAF	ALB	0.0959952606674089	7380279		GRCh37	Illumina HiSeq		RNASeqV2_RSEM_genes https://tcga-data.nci.nih.gov/tcgafiles/ftp_auth/distro_ftpusers/anonymous/tumor				RNA-Seq	CGHub	b80a257d-9c8b-4c49-87bc-30f74ff9cd3e	
DO48505	LIHC-US	SP106631	SA515977	TCGA-ED-A4XI-01A-11R-A266-07	737	GAF	ALB	0.0607549449490168	4359700		GRCh37	Illumina HiSeq		RNASeqV2_RSEM_genes https://tcga-data.nci.nih.gov/tcgafiles/ftp_auth/distro_ftpusers/anonymous/tumor				RNA-Seq	CGHub	0baf2ded-0f46-4e37-83ae-9e0b99af41c9	
DO48599	LIHC-US	SP106869	SA516024	TCGA-ED-A7PX-01A-51R-A352-07	1198	GAF	ALB	0.00786569010273237	431990		GRCh37	Illumina HiSeq		RNASeqV2_RSEM_genes https://tcga-data.nci.nih.gov/tcgafiles/ftp_auth/distro_ftpusers/anonymous/tumor				RNA-Seq	CGHub	cb358266-8d3e-4089-88f1-25e8eaaf6d7c	
DO48593	LIHC-US	SP106856	SA515901	TCGA-DD-A73C-01A-12R-A33J-07	1087	GAF	ALB	0.0519972800732841	3641150		GRCh37	Illumina HiSeq		RNASeqV2_RSEM_genes https://tcga-data.nci.nih.gov/tcgafiles/ftp_auth/distro_ftpusers/anonymous/tumor				RNA-Seq	CGHub	b518428e-84c5-4dbe-a608-c7d55e35067a	
DO48587	LIHC-US	SP106843	SA515716	TCGA-DD-A73F-01A-11R-A32O-07	1006	GAF	ALB	0.145388699620787	10768441		GRCh37	Illumina HiSeq		RNASeqV2_RSEM_genes https://tcga-data.nci.nih.gov/tcgafiles/ftp_auth/distro_ftpusers/anonymous/tumor				RNA-Seq	CGHub	ea6f7f61-d66c-47c9-a67a-e0d65af36815	
DO48589	LIHC-US	SP106847	SA515800	TCGA-NI-A4U2-01A-11R-A28V-07	913	GAF	ALB	0.0475016176760704	8326593		GRCh37	Illumina HiSeq		RNASeqV2_RSEM_genes https://tcga-data.nci.nih.gov/tcgafiles/ftp_auth/distro_ftpusers/anonymous/tumor				RNA-Seq	CGHub	16336ca0-8d66-4a19-8a1a-3778aac6f291	
DO48592	LIHC-US	SP106854	SA515888	TCGA-DD-A73B-01A-12R-A32O-07	995	GAF	ALB	0.0321752843331544	2663990		GRCh37	Illumina HiSeq		RNASeqV2_RSEM_genes https://tcga-data.nci.nih.gov/tcgafiles/ftp_auth/distro_ftpusers/anonymous/tumor				RNA-Seq	CGHub	4ed5467c-be43-4125-a6c4-7b7aad6ea5f6	
DO48562	LIHC-US	SP106770	SA515464	TCGA-ED-A7XP-01A-11R-A352-07	1192	GAF	ALB	0.0159143759558976	1188437		GRCh37	Illumina HiSeq		RNASeqV2_RSEM_genes https://tcga-data.nci.nih.gov/tcgafiles/ftp_auth/distro_ftpusers/anonymous/tumor				RNA-Seq	CGHub	932e8866-4903-4541-a239-8318abbca064	
DO49722	LIHC-US	SP109443	SA521259	TCGA-ZS-A9CF-01A-11R-A38B-07	1519	GAF	ALB	0.0271118571503713	1463302		GRCh37	Illumina HiSeq		RNASeqV2_RSEM_genes https://tcga-data.nci.nih.gov/tcgafiles/ftp_auth/distro_ftpusers/anonymous/tumor				RNA-Seq	CGHub	b6a5831d-1a97-49f1-8dbc-c833abb60a20	
DO49722	LIHC-US	SP109445	SA521266	TCGA-ZS-A9CF-02A-11R-A38B-07	1539	GAF	ALB	0.0195915062910907	1165229		GRCh37	Illumina HiSeq		RNASeqV2_RSEM_genes https://tcga-data.nci.nih.gov/tcgafiles/ftp_auth/distro_ftpusers/anonymous/tumor				RNA-Seq	CGHub	3c670523-5f34-4518-bf25-cc0d725de814	
DO49720	LIHC-US	SP109439	SA521250	TCGA-ZS-A9CE-01A-11R-A37K-07	1542	GAF	ALB	0.0488643700303328	4593275		GRCh37	Illumina HiSeq		RNASeqV2_RSEM_genes https://tcga-data.nci.nih.gov/tcgafiles/ftp_auth/distro_ftpusers/anonymous/tumor				RNA-Seq	CGHub	d8b053f6-2674-43ec-9c36-ed652fe5ff7e	
DO49718	LIHC-US	SP109435	SA521242	TCGA-ZP-A9D4-01A-11R-A37K-07	1541	GAF	ALB	0.0146212668292184	996263		GRCh37	Illumina HiSeq		RNASeqV2_RSEM_genes https://tcga-data.nci.nih.gov/tcgafiles/ftp_auth/distro_ftpusers/anonymous/tumor				RNA-Seq	CGHub	da0eec5b-54d6-421c-b850-c7d75e0a8a46	
DO49716	LIHC-US	SP109428	SA521222	TCGA-O8-A75V-01A-11R-A32O-07	997	GAF	ALB	0.0209390117480784	2022699		GRCh37	Illumina HiSeq		RNASeqV2_RSEM_genes https://tcga-data.nci.nih.gov/tcgafiles/ftp_auth/distro_ftpusers/anonymous/tumor				RNA-Seq	CGHub	a76c84d3-7243-465b-bbfe-087dbfba4b24	
DO49717	LIHC-US	SP109431	SA521234	TCGA-YA-A8S7-01A-11R-A37K-07	1502	GAF	ALB	0.0077034593089123	485869		GRCh37	Illumina HiSeq		RNASeqV2_RSEM_genes https://tcga-data.nci.nih.gov/tcgafiles/ftp_auth/distro_ftpusers/anonymous/tumor				RNA-Seq	CGHub	8f1e9042-ffcf-44b4-9854-7f7be7e92f24	
DO49714	LIHC-US	SP109423	SA521196	TCGA-MR-A8JO-01A-12R-A36F-07	1341	GAF	ALB	0.00173107002633865	108694		GRCh37	Illumina HiSeq		RNASeqV2_RSEM_genes https://tcga-data.nci.nih.gov/tcgafiles/ftp_auth/distro_ftpusers/anonymous/tumor				RNA-Seq	CGHub	c43df6db-5556-449c-bbc6-a337873c588b	
DO49715	LIHC-US	SP109426	SA521211	TCGA-NI-A8LF-01A-11R-A36F-07	1342	GAF	ALB	0.0498099952115836	4021499		GRCh37	Illumina HiSeq		RNASeqV2_RSEM_genes https://tcga-data.nci.nih.gov/tcgafiles/ftp_auth/distro_ftpusers/anonymous/tumor				RNA-Seq	CGHub	137c4106-77b9-4834-a060-6bf0af71ae08	
DO49712	LIHC-US	SP109419	SA521182	TCGA-MI-A75I-01A-11R-A32O-07	990	GAF	ALB	0.0710030930592679	5018823		GRCh37	Illumina HiSeq		RNASeqV2_RSEM_genes https://tcga-data.nci.nih.gov/tcgafiles/ftp_auth/distro_ftpusers/anonymous/tumor				RNA-Seq	CGHub	4b2926c2-e50c-43ed-93df-a85901fcf0a2	
DO49710	LIHC-US	SP109416	SA521173	TCGA-MI-A75H-01A-11R-A32O-07	996	GAF	ALB	0.0228591402607242	1353306		GRCh37	Illumina HiSeq		RNASeqV2_RSEM_genes https://tcga-data.nci.nih.gov/tcgafiles/ftp_auth/distro_ftpusers/anonymous/tumor				RNA-Seq	CGHub	5abe35ae-90bf-411e-b96f-b92c00718696	
DO49707	LIHC-US	SP109410	SA521120	TCGA-MI-A75E-01A-11R-A32O-07	992	GAF	ALB	0.0315570424047858	2516784		GRCh37	Illumina HiSeq		RNASeqV2_RSEM_genes https://tcga-data.nci.nih.gov/tcgafiles/ftp_auth/distro_ftpusers/anonymous/tumor				RNA-Seq	CGHub	1be67822-b74f-4321-b7b9-2d85032d3ce6	
DO49705	LIHC-US	SP109406	SA521095	TCGA-MI-A75C-01A-11R-A32O-07	993	GAF	ALB	0.0157481454312494	1191100		GRCh37	Illumina HiSeq		RNASeqV2_RSEM_genes https://tcga-data.nci.nih.gov/tcgafiles/ftp_auth/distro_ftpusers/anonymous/tumor				RNA-Seq	CGHub	fe4a54d5-3270-4b53-a813-159b68764037	
DO49703	LIHC-US	SP109402	SA521070	TCGA-LG-A9QD-01A-11R-A38B-07	1532	GAF	ALB	0.0235520890681752	2160131		GRCh37	Illumina HiSeq		RNASeqV2_RSEM_genes https://tcga-data.nci.nih.gov/tcgafiles/ftp_auth/distro_ftpusers/anonymous/tumor				RNA-Seq	CGHub	42f6b380-6c70-41ec-bac2-54fec52b4a49	
DO49701	LIHC-US	SP109398	SA521052	TCGA-LG-A9QC-01A-11R-A37K-07	1536	GAF	ALB	0.0106312412109436	537569		GRCh37	Illumina HiSeq		RNASeqV2_RSEM_genes https://tcga-data.nci.nih.gov/tcgafiles/ftp_auth/distro_ftpusers/anonymous/tumor				RNA-Seq	CGHub	84c348d8-a1a8-4ffe-938d-3a6789004e7a	
DO49709	LIHC-US	SP109413	SA521154	TCGA-MI-A75G-01A-11R-A32O-07	998	GAF	ALB	0.0276845861333082	2336348		GRCh37	Illumina HiSeq		RNASeqV2_RSEM_genes https://tcga-data.nci.nih.gov/tcgafiles/ftp_auth/distro_ftpusers/anonymous/tumor				RNA-Seq	CGHub	5d93dde1-846e-4ba9-b27e-107a9570deed	
DO48496	LIHC-US	SP106605	SA515692	TCGA-ED-A7XO-01A-11R-A352-07	1546	GAF	ALB	0.0465212032346429	2625096		GRCh37	Illumina HiSeq		RNASeqV2_RSEM_genes https://tcga-data.nci.nih.gov/tcgafiles/ftp_auth/distro_ftpusers/anonymous/tumor				RNA-Seq	CGHub	22e11be6-f4ce-47a6-8c50-5eb957834906	
DO48483	LIHC-US	SP106579	SA515400	TCGA-DD-A73E-01A-12R-A32O-07	1005	GAF	ALB	0.0279191157393891	1458163		GRCh37	Illumina HiSeq		RNASeqV2_RSEM_genes https://tcga-data.nci.nih.gov/tcgafiles/ftp_auth/distro_ftpusers/anonymous/tumor				RNA-Seq	CGHub	c5adfcce-a4a4-47bc-8b9e-7e81819b80a1	
DO48486	LIHC-US	SP106585	SA515541	TCGA-GJ-A6C0-01A-12R-A311-07	916	GAF	ALB	0.0455668861874967	3554526		GRCh37	Illumina HiSeq		RNASeqV2_RSEM_genes https://tcga-data.nci.nih.gov/tcgafiles/ftp_auth/distro_ftpusers/anonymous/tumor				RNA-Seq	CGHub	896ab3e0-3ea4-4459-b0bf-9ccd6b74578c	
DO48492	LIHC-US	SP106596	SA515651	TCGA-DD-A1EK-01A-11R-A213-07	669	GAF	ALB	0.0376743187604981	2209149		GRCh37	Illumina HiSeq		RNASeqV2_RSEM_genes https://tcga-data.nci.nih.gov/tcgafiles/ftp_auth/distro_ftpusers/anonymous/tumor				RNA-Seq	CGHub	24214ac8-46a2-44c2-9ce8-8514b9c61181	
DO48477	LIHC-US	SP106566	SA515047	TCGA-ED-A7PY-01A-11R-A33R-07	1091	GAF	ALB	0.0188493607382637	801272		GRCh37	Illumina HiSeq		RNASeqV2_RSEM_genes https://tcga-data.nci.nih.gov/tcgafiles/ftp_auth/distro_ftpusers/anonymous/tumor				RNA-Seq	CGHub	9800881e-b8ee-4e3f-83fc-f5d7d6b31259	
DO48478	LIHC-US	SP106568	SA515089	TCGA-DD-A73A-01A-12R-A32O-07	991	GAF	ALB	0.089097862602117	5076522		GRCh37	Illumina HiSeq		RNASeqV2_RSEM_genes https://tcga-data.nci.nih.gov/tcgafiles/ftp_auth/distro_ftpusers/anonymous/tumor				RNA-Seq	CGHub	b2ae2c3b-87c2-47e1-9d66-ae23a3f83919	
DO48473	LIHC-US	SP106557	SA514978	TCGA-DD-A73G-01A-22R-A32O-07	1004	GAF	ALB	0.0141012155850228	1191743		GRCh37	Illumina HiSeq		RNASeqV2_RSEM_genes https://tcga-data.nci.nih.gov/tcgafiles/ftp_auth/distro_ftpusers/anonymous/tumor				RNA-Seq	CGHub	b44b63e6-5163-4df8-b82b-80401b703167	
DO48475	LIHC-US	SP106562	SA515015	TCGA-G3-A5SI-01A-31R-A27V-07	832	GAF	ALB	0.0410774612951923	2385572		GRCh37	Illumina HiSeq		RNASeqV2_RSEM_genes https://tcga-data.nci.nih.gov/tcgafiles/ftp_auth/distro_ftpusers/anonymous/tumor				RNA-Seq	CGHub	ddb29159-cbe9-4b6d-a86f-8115b859b2bb	
DO48481	LIHC-US	SP106575	SA515188	TCGA-ED-A82E-01A-11R-A352-07	1191	GAF	ALB	4.27480812129049E-5	2731		GRCh37	Illumina HiSeq		RNASeqV2_RSEM_genes https://tcga-data.nci.nih.gov/tcgafiles/ftp_auth/distro_ftpusers/anonymous/tumor				RNA-Seq	CGHub	443ec308-d974-4e36-96f4-b7c0101bf5d5	
DO48602	LIHC-US	SP106876	SA516060	TCGA-K7-A6G5-01A-11R-A311-07	921	GAF	ALB	0.02443519871438	2047039		GRCh37	Illumina HiSeq		RNASeqV2_RSEM_genes https://tcga-data.nci.nih.gov/tcgafiles/ftp_auth/distro_ftpusers/anonymous/tumor				RNA-Seq	CGHub	42e83563-54b2-4848-b657-6367e71eac65	
DO45025	LIHC-US	SP98396	SA501160	TCGA-DD-A4NI-01A-11R-A27V-07	825	GAF	ALB	0.0690020381665025	6222376		GRCh37	Illumina HiSeq		RNASeqV2_RSEM_genes https://tcga-data.nci.nih.gov/tcgafiles/ftp_auth/distro_ftpusers/anonymous/tumor				RNA-Seq	CGHub	49d9e652-b4e1-4858-b21e-256c17623f50	
DO45021	LIHC-US	SP98388	SA501140	TCGA-ED-A627-01A-12R-A311-07	912	GAF	ALB	0.0310305736238745	2077816		GRCh37	Illumina HiSeq		RNASeqV2_RSEM_genes https://tcga-data.nci.nih.gov/tcgafiles/ftp_auth/distro_ftpusers/anonymous/tumor				RNA-Seq	CGHub	bd4be8e6-c06f-493f-84f4-e434be3a24d4	
DO45017	LIHC-US	SP98376	SA501116	TCGA-DD-A4NS-01A-11R-A311-07	909	GAF	ALB	0.0316449398349072	1950158		GRCh37	Illumina HiSeq		RNASeqV2_RSEM_genes https://tcga-data.nci.nih.gov/tcgafiles/ftp_auth/distro_ftpusers/anonymous/tumor				RNA-Seq	CGHub	c3b5e80e-398b-4390-ae78-4f2cb9be4497	
DO45013	LIHC-US	SP98367	SA501090	TCGA-DD-A4NO-01A-11R-A28V-07	816	GAF	ALB	0.0340813294767115	2506867		GRCh37	Illumina HiSeq		RNASeqV2_RSEM_genes https://tcga-data.nci.nih.gov/tcgafiles/ftp_auth/distro_ftpusers/anonymous/tumor				RNA-Seq	CGHub	830be6d6-82f7-4085-88a4-060f01c267fb	
DO45009	LIHC-US	SP98363	SA501080	TCGA-FV-A3I0-11A-11R-A22L-07	595	GAF	ALB	0.088338289142056	6910734		GRCh37	Illumina HiSeq		RNASeqV2_RSEM_genes https://tcga-data.nci.nih.gov/tcgafiles/ftp_auth/distro_ftpusers/anonymous/tumor				RNA-Seq	CGHub	07401514-29ef-43a8-8a7f-a4e147852470	
DO45009	LIHC-US	SP98359	SA501068	TCGA-FV-A3I0-01A-11R-A22L-07	667	GAF	ALB	4.3141518536356E-5	2398		GRCh37	Illumina HiSeq		RNASeqV2_RSEM_genes https://tcga-data.nci.nih.gov/tcgafiles/ftp_auth/distro_ftpusers/anonymous/tumor				RNA-Seq	CGHub	51d59e9b-2f54-4a54-b5f5-81376be2eb82	
DO45005	LIHC-US	SP98351	SA501046	TCGA-G3-A5SK-01A-11R-A27V-07	839	GAF	ALB	0.0723543664370253	4556875		GRCh37	Illumina HiSeq		RNASeqV2_RSEM_genes https://tcga-data.nci.nih.gov/tcgafiles/ftp_auth/distro_ftpusers/anonymous/tumor				RNA-Seq	CGHub	602123eb-3790-4882-b8b1-f118838d3027	
DO45001	LIHC-US	SP98347	SA501032	TCGA-DD-A3A4-11A-11R-A22L-07	746	GAF	ALB	0.0275141234920874	2268243		GRCh37	Illumina HiSeq		RNASeqV2_RSEM_genes https://tcga-data.nci.nih.gov/tcgafiles/ftp_auth/distro_ftpusers/anonymous/tumor				RNA-Seq	CGHub	b706b36a-2bcf-405c-aa18-30cbb54fac73	
DO45001	LIHC-US	SP98343	SA501018	TCGA-DD-A3A4-01A-11R-A22L-07	757	GAF	ALB	0.032651580179415	2194502		GRCh37	Illumina HiSeq		RNASeqV2_RSEM_genes https://tcga-data.nci.nih.gov/tcgafiles/ftp_auth/distro_ftpusers/anonymous/tumor				RNA-Seq	CGHub	3bf58509-d849-492e-85cc-665f1db2ccc7	
DO44994	LIHC-US	SP98331	SA500958	TCGA-FV-A3R2-11A-11R-A22L-07	579	GAF	ALB	0.0912224916759713	6668794		GRCh37	Illumina HiSeq		RNASeqV2_RSEM_genes https://tcga-data.nci.nih.gov/tcgafiles/ftp_auth/distro_ftpusers/anonymous/tumor				RNA-Seq	CGHub	92462e76-eed1-4eab-8c38-4cf9897be417	
DO44994	LIHC-US	SP98327	SA500934	TCGA-FV-A3R2-01A-11R-A22L-07	616	GAF	ALB	0.0296972840183941	2043599		GRCh37	Illumina HiSeq		RNASeqV2_RSEM_genes https://tcga-data.nci.nih.gov/tcgafiles/ftp_auth/distro_ftpusers/anonymous/tumor				RNA-Seq	CGHub	4cda696b-42da-43fd-9f6f-95dfc748a0ca	
DO44998	LIHC-US	SP98335	SA500970	TCGA-G3-A5SM-01A-12R-A28V-07	814	GAF	ALB	0.0267338140393654	2889762		GRCh37	Illumina HiSeq		RNASeqV2_RSEM_genes https://tcga-data.nci.nih.gov/tcgafiles/ftp_auth/distro_ftpusers/anonymous/tumor				RNA-Seq	CGHub	cccf48e7-af9d-4039-9ed1-ae859f692678	
DO44990	LIHC-US	SP98323	SA500904	TCGA-DD-A39V-11A-11R-A213-07	655	GAF	ALB	0.0572811921093354	4731200		GRCh37	Illumina HiSeq		RNASeqV2_RSEM_genes https://tcga-data.nci.nih.gov/tcgafiles/ftp_auth/distro_ftpusers/anonymous/tumor				RNA-Seq	CGHub	9e3df1b0-dba1-4423-976e-99aab5b7d5e2	
DO44990	LIHC-US	SP98319	SA500878	TCGA-DD-A39V-01A-11R-A213-07	673	GAF	ALB	0.00435413374605983	297007		GRCh37	Illumina HiSeq		RNASeqV2_RSEM_genes https://tcga-data.nci.nih.gov/tcgafiles/ftp_auth/distro_ftpusers/anonymous/tumor				RNA-Seq	CGHub	f2a077e8-1dd2-4a7b-b832-0f7367818044	
DO44982	LIHC-US	SP98305	SA500807	TCGA-DD-A3A7-01A-11R-A22L-07	741	GAF	ALB	0.0253560896294617	1350920		GRCh37	Illumina HiSeq		RNASeqV2_RSEM_genes https://tcga-data.nci.nih.gov/tcgafiles/ftp_auth/distro_ftpusers/anonymous/tumor				RNA-Seq	CGHub	5bd6ca42-16ca-484f-877f-cda4fb3f93a8	
DO44986	LIHC-US	SP98313	SA500832	TCGA-DD-A4ND-01A-11R-A266-07	739	GAF	ALB	0.0559325022980497	3537338		GRCh37	Illumina HiSeq		RNASeqV2_RSEM_genes https://tcga-data.nci.nih.gov/tcgafiles/ftp_auth/distro_ftpusers/anonymous/tumor				RNA-Seq	CGHub	b3d02a68-fde3-42cd-8ca2-7e3565f85632	
DO44974	LIHC-US	SP98289	SA500745	TCGA-ED-A459-01A-11R-A266-07	748	GAF	ALB	0.0159801459448455	1162468		GRCh37	Illumina HiSeq		RNASeqV2_RSEM_genes https://tcga-data.nci.nih.gov/tcgafiles/ftp_auth/distro_ftpusers/anonymous/tumor				RNA-Seq	CGHub	31c9c8be-6cde-4db6-b9fd-6173b41bedc8	
DO44978	LIHC-US	SP98297	SA500766	TCGA-G3-A5SL-01A-11R-A27V-07	841	GAF	ALB	0.045916692675471	3738092		GRCh37	Illumina HiSeq		RNASeqV2_RSEM_genes https://tcga-data.nci.nih.gov/tcgafiles/ftp_auth/distro_ftpusers/anonymous/tumor				RNA-Seq	CGHub	0856a2e8-f139-4809-a7c6-29546080c333	
DO44970	LIHC-US	SP98277	SA500696	TCGA-DD-A4NN-01A-11R-A28V-07	828	GAF	ALB	0.0245384485968945	1885420		GRCh37	Illumina HiSeq		RNASeqV2_RSEM_genes https://tcga-data.nci.nih.gov/tcgafiles/ftp_auth/distro_ftpusers/anonymous/tumor				RNA-Seq	CGHub	362c086d-ce73-408a-afcf-f129d54af1e9	
DO44962	LIHC-US	SP98260	SA500621	TCGA-BC-A5W4-01A-11R-A28V-07	821	GAF	ALB	0.0302133618734652	1786727		GRCh37	Illumina HiSeq		RNASeqV2_RSEM_genes https://tcga-data.nci.nih.gov/tcgafiles/ftp_auth/distro_ftpusers/anonymous/tumor				RNA-Seq	CGHub	440b70b1-0313-4c54-bfb4-e1f44a336aba	
DO44966	LIHC-US	SP98265	SA500659	TCGA-FV-A496-01A-11R-A266-07	735	GAF	ALB	0.0597829496608083	5010235		GRCh37	Illumina HiSeq		RNASeqV2_RSEM_genes https://tcga-data.nci.nih.gov/tcgafiles/ftp_auth/distro_ftpusers/anonymous/tumor				RNA-Seq	CGHub	5c6d857a-55c1-4365-b8de-bde7e769ce77	
DO44950	LIHC-US	SP98232	SA500509	TCGA-DD-A4NF-01A-11R-A27V-07	842	GAF	ALB	0.037864754262194	2425324		GRCh37	Illumina HiSeq		RNASeqV2_RSEM_genes https://tcga-data.nci.nih.gov/tcgafiles/ftp_auth/distro_ftpusers/anonymous/tumor				RNA-Seq	CGHub	23ac1fcb-a802-468b-8a25-639f2b221aba	
DO44954	LIHC-US	SP98240	SA500551	TCGA-DD-A39Z-01A-11R-A213-07	654	GAF	ALB	0.0336416309077515	2207840		GRCh37	Illumina HiSeq		RNASeqV2_RSEM_genes https://tcga-data.nci.nih.gov/tcgafiles/ftp_auth/distro_ftpusers/anonymous/tumor				RNA-Seq	CGHub	2bbf9181-a71f-4714-b1b5-0d23a47d1306	
DO44954	LIHC-US	SP98244	SA500565	TCGA-DD-A39Z-11A-21R-A213-07	657	GAF	ALB	0.0693366209424407	5703022		GRCh37	Illumina HiSeq		RNASeqV2_RSEM_genes https://tcga-data.nci.nih.gov/tcgafiles/ftp_auth/distro_ftpusers/anonymous/tumor				RNA-Seq	CGHub	f847f8c8-7a39-4327-ad12-3aac2c331be8	
DO44958	LIHC-US	SP98248	SA500577	TCGA-DD-A4NP-01A-11R-A28V-07	835	GAF	ALB	0.0128998760949237	1459418		GRCh37	Illumina HiSeq		RNASeqV2_RSEM_genes https://tcga-data.nci.nih.gov/tcgafiles/ftp_auth/distro_ftpusers/anonymous/tumor				RNA-Seq	CGHub	3101309f-f0e5-42d8-88ca-a44d37d240f0	
DO44946	LIHC-US	SP98224	SA500459	TCGA-CC-A3M9-01A-11R-A213-07	656	GAF	ALB	1.07450290818096E-5	774		GRCh37	Illumina HiSeq		RNASeqV2_RSEM_genes https://tcga-data.nci.nih.gov/tcgafiles/ftp_auth/distro_ftpusers/anonymous/tumor				RNA-Seq	CGHub	faec0e24-6bcd-4388-b227-b8d4b73bb110	
DO44930	LIHC-US	SP98192	SA500246	TCGA-DD-A4NA-01A-11R-A266-07	754	GAF	ALB	0.00328437693516679	194436		GRCh37	Illumina HiSeq		RNASeqV2_RSEM_genes https://tcga-data.nci.nih.gov/tcgafiles/ftp_auth/distro_ftpusers/anonymous/tumor				RNA-Seq	CGHub	59b320d5-a277-4723-b9f0-d1e7fe2a20af	
DO44934	LIHC-US	SP98200	SA500311	TCGA-DD-A4NL-01A-11R-A28V-07	826	GAF	ALB	0.0520302623319308	3349983		GRCh37	Illumina HiSeq		RNASeqV2_RSEM_genes https://tcga-data.nci.nih.gov/tcgafiles/ftp_auth/distro_ftpusers/anonymous/tumor				RNA-Seq	CGHub	90779b87-ec28-4c54-b98e-3d70e132b7b3	
DO44938	LIHC-US	SP98208	SA500355	TCGA-G3-A5SJ-01A-11R-A27V-07	833	GAF	ALB	0.0509505560936185	3183123		GRCh37	Illumina HiSeq		RNASeqV2_RSEM_genes https://tcga-data.nci.nih.gov/tcgafiles/ftp_auth/distro_ftpusers/anonymous/tumor				RNA-Seq	CGHub	9fc02f84-548e-42a4-8857-717cd8426575	
DO44923	LIHC-US	SP98172	SA500162	TCGA-DD-A4NR-01A-11R-A311-07	918	GAF	ALB	0.026126577220032	1839737		GRCh37	Illumina HiSeq		RNASeqV2_RSEM_genes https://tcga-data.nci.nih.gov/tcgafiles/ftp_auth/distro_ftpusers/anonymous/tumor				RNA-Seq	CGHub	6af2d20a-bab8-4f0c-ac22-c1454619ef46	
DO44927	LIHC-US	SP98184	SA500216	TCGA-BC-A69H-01A-11R-A311-07	919	GAF	ALB	0.0145141293397649	1239528		GRCh37	Illumina HiSeq		RNASeqV2_RSEM_genes https://tcga-data.nci.nih.gov/tcgafiles/ftp_auth/distro_ftpusers/anonymous/tumor				RNA-Seq	CGHub	d61e6c10-4515-4cd1-9bc7-884db524ebca	
DO44911	LIHC-US	SP98144	SA500025	TCGA-FV-A4ZP-01A-12R-A266-07	750	GAF	ALB	0.0164442387602975	1154264		GRCh37	Illumina HiSeq		RNASeqV2_RSEM_genes https://tcga-data.nci.nih.gov/tcgafiles/ftp_auth/distro_ftpusers/anonymous/tumor				RNA-Seq	CGHub	36bb7b6e-9a6f-4215-b362-93b6db73c819	
DO44915	LIHC-US	SP98152	SA500052	TCGA-DD-A1EF-01A-11R-A131-07	545	GAF	ALB	0.0538538084847744	2145032		GRCh37	Illumina HiSeq		RNASeqV2_RSEM_genes https://tcga-data.nci.nih.gov/tcgafiles/ftp_auth/distro_ftpusers/anonymous/tumor				RNA-Seq	CGHub	5da8b83f-c43b-46c3-9667-022d7e0a6f2b	
DO44919	LIHC-US	SP98164	SA500116	TCGA-FV-A2QQ-01A-11R-A22L-07	607	GAF	ALB	0.0211523273435747	1703089		GRCh37	Illumina HiSeq		RNASeqV2_RSEM_genes https://tcga-data.nci.nih.gov/tcgafiles/ftp_auth/distro_ftpusers/anonymous/tumor				RNA-Seq	CGHub	9ac9a050-720a-45bc-94d4-87802c8f0aba	
DO44903	LIHC-US	SP98126	SA499924	TCGA-DD-A39Y-01A-11R-A213-07	588	GAF	ALB	0.0156139516552974	1568531		GRCh37	Illumina HiSeq		RNASeqV2_RSEM_genes https://tcga-data.nci.nih.gov/tcgafiles/ftp_auth/distro_ftpusers/anonymous/tumor				RNA-Seq	CGHub	6a169722-0dcb-4df7-82c5-8f8b7a512d32	
DO44907	LIHC-US	SP98134	SA499972	TCGA-DD-A4NH-01A-11R-A27V-07	823	GAF	ALB	0.0426681705236866	2553429		GRCh37	Illumina HiSeq		RNASeqV2_RSEM_genes https://tcga-data.nci.nih.gov/tcgafiles/ftp_auth/distro_ftpusers/anonymous/tumor				RNA-Seq	CGHub	8d1c5ea4-08dd-4f4f-9876-ca5316e233b5	
DO44875	LIHC-US	SP98060	SA500070	TCGA-DD-A3A6-01A-11R-A22L-07	736	GAF	ALB	3.38177819114094E-5	2409		GRCh37	Illumina HiSeq		RNASeqV2_RSEM_genes https://tcga-data.nci.nih.gov/tcgafiles/ftp_auth/distro_ftpusers/anonymous/tumor				RNA-Seq	CGHub	56e6f602-0afb-434e-b28e-665d923ad781	
DO44875	LIHC-US	SP98061	SA500094	TCGA-DD-A3A6-11A-11R-A22L-07	749	GAF	ALB	0.0632706956828052	4207124		GRCh37	Illumina HiSeq		RNASeqV2_RSEM_genes https://tcga-data.nci.nih.gov/tcgafiles/ftp_auth/distro_ftpusers/anonymous/tumor				RNA-Seq	CGHub	809db606-7929-48aa-ae6b-c2c9597a31c7	
DO44874	LIHC-US	SP98058	SA500012	TCGA-ED-A66Y-01A-11R-A311-07	920	GAF	ALB	0.0847498144752998	5049382		GRCh37	Illumina HiSeq		RNASeqV2_RSEM_genes https://tcga-data.nci.nih.gov/tcgafiles/ftp_auth/distro_ftpusers/anonymous/tumor				RNA-Seq	CGHub	920735ec-0932-408d-8132-8a30ba8aa160	
DO44873	LIHC-US	SP98055	SA499950	TCGA-DD-A4NJ-01A-11R-A27V-07	838	GAF	ALB	0.0352317777612309	1329188		GRCh37	Illumina HiSeq		RNASeqV2_RSEM_genes https://tcga-data.nci.nih.gov/tcgafiles/ftp_auth/distro_ftpusers/anonymous/tumor				RNA-Seq	CGHub	1dc20bf4-f17d-4b26-88c0-86aff9ddfc7a	
DO44872	LIHC-US	SP98053	SA499900	TCGA-FV-A23B-01A-11R-A16W-07	589	GAF	ALB	0.0542367414973096	4776836		GRCh37	Illumina HiSeq		RNASeqV2_RSEM_genes https://tcga-data.nci.nih.gov/tcgafiles/ftp_auth/distro_ftpusers/anonymous/tumor				RNA-Seq	CGHub	5343646d-bb46-4acc-9361-7432813a886f	
DO44872	LIHC-US	SP98054	SA499922	TCGA-FV-A23B-11A-11R-A16W-07	597	GAF	ALB	0.0887297234563695	7569559		GRCh37	Illumina HiSeq		RNASeqV2_RSEM_genes https://tcga-data.nci.nih.gov/tcgafiles/ftp_auth/distro_ftpusers/anonymous/tumor				RNA-Seq	CGHub	a3eef529-ed7d-438c-b0be-ce569a846a8f	
DO44879	LIHC-US	SP98070	SA500279	TCGA-DD-A39X-11A-11R-A213-07	599	GAF	ALB	0.0945966843860275	9587114		GRCh37	Illumina HiSeq		RNASeqV2_RSEM_genes https://tcga-data.nci.nih.gov/tcgafiles/ftp_auth/distro_ftpusers/anonymous/tumor				RNA-Seq	CGHub	9815693f-418d-4517-9a7e-5c708c157b0c	
DO44879	LIHC-US	SP98069	SA500265	TCGA-DD-A39X-01A-11R-A213-07	613	GAF	ALB	0.0172714581752298	1644817		GRCh37	Illumina HiSeq		RNASeqV2_RSEM_genes https://tcga-data.nci.nih.gov/tcgafiles/ftp_auth/distro_ftpusers/anonymous/tumor				RNA-Seq	CGHub	2a624b0d-4dc2-4c00-8984-b256a69643c7	
DO44878	LIHC-US	SP98067	SA500201	TCGA-DD-A3A3-01A-11R-A22L-07	742	GAF	ALB	0.0237422692938913	1814923		GRCh37	Illumina HiSeq		RNASeqV2_RSEM_genes https://tcga-data.nci.nih.gov/tcgafiles/ftp_auth/distro_ftpusers/anonymous/tumor				RNA-Seq	CGHub	3d39e165-1def-4a5e-b011-b2ceb033d415	
DO44878	LIHC-US	SP98068	SA500230	TCGA-DD-A3A3-11A-11R-A22L-07	753	GAF	ALB	0.0806968724763323	4969435		GRCh37	Illumina HiSeq		RNASeqV2_RSEM_genes https://tcga-data.nci.nih.gov/tcgafiles/ftp_auth/distro_ftpusers/anonymous/tumor				RNA-Seq	CGHub	13d4c229-cf05-4fca-a52d-798dc7894ba1	
DO44877	LIHC-US	SP98065	SA500164	TCGA-FV-A4ZQ-01A-11R-A266-07	738	GAF	ALB	0.0414145773142377	2890728		GRCh37	Illumina HiSeq		RNASeqV2_RSEM_genes https://tcga-data.nci.nih.gov/tcgafiles/ftp_auth/distro_ftpusers/anonymous/tumor				RNA-Seq	CGHub	43a21e6a-8b4e-4589-9236-0835dd7d7a00	
DO44876	LIHC-US	SP98062	SA500118	TCGA-DD-A4NV-01A-11R-A311-07	917	GAF	ALB	0.0350957265634622	2536978		GRCh37	Illumina HiSeq		RNASeqV2_RSEM_genes https://tcga-data.nci.nih.gov/tcgafiles/ftp_auth/distro_ftpusers/anonymous/tumor				RNA-Seq	CGHub	cabf0153-dac2-48ae-a225-19147772ddfe	
DO44895	LIHC-US	SP98110	SA500940	TCGA-ED-A5KG-01A-11R-A27V-07	834	GAF	ALB	0.0199802244161216	1058600		GRCh37	Illumina HiSeq		RNASeqV2_RSEM_genes https://tcga-data.nci.nih.gov/tcgafiles/ftp_auth/distro_ftpusers/anonymous/tumor				RNA-Seq	CGHub	658b2281-9818-48dc-846d-8cad2bae42f0	
DO44899	LIHC-US	SP98118	SA500988	TCGA-DD-A3A1-01A-11R-A213-07	660	GAF	ALB	0.043489601357489	3231380		GRCh37	Illumina HiSeq		RNASeqV2_RSEM_genes https://tcga-data.nci.nih.gov/tcgafiles/ftp_auth/distro_ftpusers/anonymous/tumor				RNA-Seq	CGHub	578e5ec2-7091-4f3e-a440-1fcd5585a704	
DO44899	LIHC-US	SP98122	SA501012	TCGA-DD-A3A1-11A-11R-A213-07	670	GAF	ALB	0.032177217505759	2378949		GRCh37	Illumina HiSeq		RNASeqV2_RSEM_genes https://tcga-data.nci.nih.gov/tcgafiles/ftp_auth/distro_ftpusers/anonymous/tumor				RNA-Seq	CGHub	5573955b-f0ec-4cfe-ad02-4f9f91693770	
DO44892	LIHC-US	SP98103	SA500898	TCGA-ED-A66X-01A-11R-A311-07	915	GAF	ALB	0.0465709492847464	3341246		GRCh37	Illumina HiSeq		RNASeqV2_RSEM_genes https://tcga-data.nci.nih.gov/tcgafiles/ftp_auth/distro_ftpusers/anonymous/tumor				RNA-Seq	CGHub	9c49cf78-bf9b-4562-a8c1-9e8e4203b548	
DO44890	LIHC-US	SP98096	SA500846	TCGA-FV-A495-01A-11R-A266-07	744	GAF	ALB	0.0367226607775166	2613357		GRCh37	Illumina HiSeq		RNASeqV2_RSEM_genes https://tcga-data.nci.nih.gov/tcgafiles/ftp_auth/distro_ftpusers/anonymous/tumor				RNA-Seq	CGHub	6a2cafbb-2824-4727-b950-0c2bdcf26358	
DO44886	LIHC-US	SP98085	SA500603	TCGA-CC-5259-01A-31R-A213-07	659	GAF	ALB	0.0355634697098366	2018767		GRCh37	Illumina HiSeq		RNASeqV2_RSEM_genes https://tcga-data.nci.nih.gov/tcgafiles/ftp_auth/distro_ftpusers/anonymous/tumor				RNA-Seq	CGHub	e39040d8-cdb2-4ead-9e93-224ba7c37dbc	
DO44885	LIHC-US	SP98082	SA500515	TCGA-DD-A4NG-01A-11R-A27V-07	840	GAF	ALB	0.00761837036187353	545484		GRCh37	Illumina HiSeq		RNASeqV2_RSEM_genes https://tcga-data.nci.nih.gov/tcgafiles/ftp_auth/distro_ftpusers/anonymous/tumor				RNA-Seq	CGHub	0fd0cbba-815e-4087-aa44-39c4b271ff49	
DO44884	LIHC-US	SP98081	SA500487	TCGA-DD-A3A5-11A-11R-A22L-07	740	GAF	ALB	0.0639223687992037	4826331		GRCh37	Illumina HiSeq		RNASeqV2_RSEM_genes https://tcga-data.nci.nih.gov/tcgafiles/ftp_auth/distro_ftpusers/anonymous/tumor				RNA-Seq	CGHub	dfeaa69b-72ec-4a2e-8f26-7c4d826a1aa0	
DO44884	LIHC-US	SP98080	SA500465	TCGA-DD-A3A5-01A-11R-A22L-07	747	GAF	ALB	0.0100593150423939	660083		GRCh37	Illumina HiSeq		RNASeqV2_RSEM_genes https://tcga-data.nci.nih.gov/tcgafiles/ftp_auth/distro_ftpusers/anonymous/tumor				RNA-Seq	CGHub	a2367aee-0cd5-473e-b799-77970c0ceea3	
DO44883	LIHC-US	SP98078	SA500413	TCGA-DD-A3A8-01A-11R-A22L-07	745	GAF	ALB	0.0568638817078468	4085102		GRCh37	Illumina HiSeq		RNASeqV2_RSEM_genes https://tcga-data.nci.nih.gov/tcgafiles/ftp_auth/distro_ftpusers/anonymous/tumor				RNA-Seq	CGHub	41e90e6f-0afe-433e-a13d-cc5fc758c55b	
DO44883	LIHC-US	SP98079	SA500437	TCGA-DD-A3A8-11A-11R-A22L-07	755	GAF	ALB	0.0534883382203093	4023061		GRCh37	Illumina HiSeq		RNASeqV2_RSEM_genes https://tcga-data.nci.nih.gov/tcgafiles/ftp_auth/distro_ftpusers/anonymous/tumor				RNA-Seq	CGHub	cf95e020-748c-474d-baba-68ca888d2f4f	
DO44889	LIHC-US	SP98092	SA500785	TCGA-DD-A4NE-01A-11R-A27V-07	829	GAF	ALB	0.100188511996236	6077339		GRCh37	Illumina HiSeq		RNASeqV2_RSEM_genes https://tcga-data.nci.nih.gov/tcgafiles/ftp_auth/distro_ftpusers/anonymous/tumor				RNA-Seq	CGHub	050080ae-44db-4056-8df1-eae4d9014ac9	
DO44888	LIHC-US	SP98090	SA500715	TCGA-DD-A3A9-01A-11R-A266-07	752	GAF	ALB	0.022451210605137	1593558		GRCh37	Illumina HiSeq		RNASeqV2_RSEM_genes https://tcga-data.nci.nih.gov/tcgafiles/ftp_auth/distro_ftpusers/anonymous/tumor				RNA-Seq	CGHub	e53f26c4-eb37-4a21-823e-98000f26309d	
DO44887	LIHC-US	SP98087	SA500645	TCGA-DD-A4NQ-01A-21R-A28V-07	815	GAF	ALB	0.0161277872990348	781154		GRCh37	Illumina HiSeq		RNASeqV2_RSEM_genes https://tcga-data.nci.nih.gov/tcgafiles/ftp_auth/distro_ftpusers/anonymous/tumor				RNA-Seq	CGHub	15a72f2f-83c5-4264-8103-5c3e28445d12	
DO44882	LIHC-US	SP98075	SA500377	TCGA-DD-A4NK-01A-11R-A28V-07	812	GAF	ALB	0.021553767800457	1302897		GRCh37	Illumina HiSeq		RNASeqV2_RSEM_genes https://tcga-data.nci.nih.gov/tcgafiles/ftp_auth/distro_ftpusers/anonymous/tumor				RNA-Seq	CGHub	28e2f8ef-14bf-4965-82a5-1d2e33a19af3	
DO44881	LIHC-US	SP98073	SA500325	TCGA-DD-A3A2-01A-11R-A213-07	601	GAF	ALB	0.0487767027495581	4528967		GRCh37	Illumina HiSeq		RNASeqV2_RSEM_genes https://tcga-data.nci.nih.gov/tcgafiles/ftp_auth/distro_ftpusers/anonymous/tumor				RNA-Seq	CGHub	b532e040-8d89-458b-a13c-3da835918813	
DO44881	LIHC-US	SP98074	SA500353	TCGA-DD-A3A2-11A-11R-A213-07	606	GAF	ALB	0.127316984706617	11527607		GRCh37	Illumina HiSeq		RNASeqV2_RSEM_genes https://tcga-data.nci.nih.gov/tcgafiles/ftp_auth/distro_ftpusers/anonymous/tumor				RNA-Seq	CGHub	6d9b3d3a-2dd0-477e-aaf2-504ecd6c3de3	
DO44880	LIHC-US	SP98071	SA500293	TCGA-BC-A69I-01A-11R-A311-07	922	GAF	ALB	0.0319329169642308	2364659		GRCh37	Illumina HiSeq		RNASeqV2_RSEM_genes https://tcga-data.nci.nih.gov/tcgafiles/ftp_auth/distro_ftpusers/anonymous/tumor				RNA-Seq	CGHub	7f765ffb-6d9d-4cfe-a5b6-8a83d8839d42	
DO22966	LIHC-US	SP49409	SA268234	TCGA-EP-A2KC-01A-11R-A213-07	591	GAF	ALB	0.0147272566596121	1191454		GRCh37	Illumina HiSeq		RNASeqV2_RSEM_genes https://tcga-data.nci.nih.gov/tcgafiles/ftp_auth/distro_ftpusers/anonymous/tumor				RNA-Seq	CGHub	43426760-46b7-422e-ab1b-d29d6c2ee21e	
DO22962	LIHC-US	SP49405	SA268198	TCGA-BC-A10R-11A-11R-A131-07	169	GAF	ALB	0.0837410629989779	7150746		GRCh37	Illumina HiSeq		RNASeqV2_RSEM_genes https://tcga-data.nci.nih.gov/tcgafiles/ftp_auth/distro_ftpusers/anonymous/tumor				RNA-Seq	CGHub	4d49b039-f1fa-4892-8439-4155e72dd7c5	
DO22962	LIHC-US	SP49401	SA268156	TCGA-BC-A10R-01A-11R-A131-07	176	GAF	ALB	0.0682649086533333	5643939		GRCh37	Illumina HiSeq		RNASeqV2_RSEM_genes https://tcga-data.nci.nih.gov/tcgafiles/ftp_auth/distro_ftpusers/anonymous/tumor				RNA-Seq	CGHub	d6cb14d4-1ee1-4d83-ad3f-efa19969c00f	
DO22978	LIHC-US	SP49433	SA268456	TCGA-FV-A3R3-01A-11R-A22L-07	574	GAF	ALB	0.00633810803784149	450644		GRCh37	Illumina HiSeq		RNASeqV2_RSEM_genes https://tcga-data.nci.nih.gov/tcgafiles/ftp_auth/distro_ftpusers/anonymous/tumor				RNA-Seq	CGHub	db848332-4ee8-4f22-b6c9-b2634bd35918	
DO22974	LIHC-US	SP49425	SA268384	TCGA-BC-4073-01B-02R-A131-07	168	GAF	ALB	0.075611269533202	5604584		GRCh37	Illumina HiSeq		RNASeqV2_RSEM_genes https://tcga-data.nci.nih.gov/tcgafiles/ftp_auth/distro_ftpusers/anonymous/tumor				RNA-Seq	CGHub	8b3062fd-dd51-4bc0-a858-6783b3b5fe08	
DO22944	LIHC-US	SP49361	SA267655	TCGA-BC-A10T-11A-11R-A131-07	164	GAF	ALB	0.0928282269342193	5890151		GRCh37	Illumina HiSeq		RNASeqV2_RSEM_genes https://tcga-data.nci.nih.gov/tcgafiles/ftp_auth/distro_ftpusers/anonymous/tumor				RNA-Seq	CGHub	3497c0d8-c7b0-43ca-92a2-30ea6cd61bde	
DO22944	LIHC-US	SP49358	SA267607	TCGA-BC-A10T-01A-11R-A131-07	557	GAF	ALB	0.0650164692895367	6229933		GRCh37	Illumina HiSeq		RNASeqV2_RSEM_genes https://tcga-data.nci.nih.gov/tcgafiles/ftp_auth/distro_ftpusers/anonymous/tumor				RNA-Seq	CGHub	a4afd001-11fa-4bce-8766-b60b54566fcd	
DO22941	LIHC-US	SP49352	SA267538	TCGA-CC-5263-01A-01R-A131-07	152	GAF	ALB	0.0579525256260366	3850589		GRCh37	Illumina HiSeq		RNASeqV2_RSEM_genes https://tcga-data.nci.nih.gov/tcgafiles/ftp_auth/distro_ftpusers/anonymous/tumor				RNA-Seq	CGHub	038e0d7b-8f46-40fb-bfec-74dab7a6fe59	
DO22947	LIHC-US	SP49367	SA267739	TCGA-BC-A110-11A-11R-A131-07	617	GAF	ALB	0.0582769399949747	4679994		GRCh37	Illumina HiSeq		RNASeqV2_RSEM_genes https://tcga-data.nci.nih.gov/tcgafiles/ftp_auth/distro_ftpusers/anonymous/tumor				RNA-Seq	CGHub	edcc32ad-1375-4502-822e-defcea52b943	
DO22947	LIHC-US	SP49364	SA267697	TCGA-BC-A110-01A-11R-A131-07	824	GAF	ALB	0.0506374828892733	2375630		GRCh37	Illumina HiSeq		RNASeqV2_RSEM_genes https://tcga-data.nci.nih.gov/tcgafiles/ftp_auth/distro_ftpusers/anonymous/tumor				RNA-Seq	CGHub	3f4ab9a7-3a43-4601-a21f-2ee63b10efee	
DO22956	LIHC-US	SP49388	SA268003	TCGA-ES-A2HT-11A-11R-A180-07	578	GAF	ALB	0.0711870248282133	6127402		GRCh37	Illumina HiSeq		RNASeqV2_RSEM_genes https://tcga-data.nci.nih.gov/tcgafiles/ftp_auth/distro_ftpusers/anonymous/tumor				RNA-Seq	CGHub	d5e3a3be-c4d9-41de-a39c-ae7aad3f3826	
DO22956	LIHC-US	SP49385	SA267961	TCGA-ES-A2HT-01A-12R-A180-07	587	GAF	ALB	0.0238241083629515	2689630		GRCh37	Illumina HiSeq		RNASeqV2_RSEM_genes https://tcga-data.nci.nih.gov/tcgafiles/ftp_auth/distro_ftpusers/anonymous/tumor				RNA-Seq	CGHub	e5e12896-2cf3-4d5d-8f79-00cd964fc132	
DO22953	LIHC-US	SP49379	SA267892	TCGA-CC-5262-01A-01R-A131-07	560	GAF	ALB	0.0168190448022435	1132099		GRCh37	Illumina HiSeq		RNASeqV2_RSEM_genes https://tcga-data.nci.nih.gov/tcgafiles/ftp_auth/distro_ftpusers/anonymous/tumor				RNA-Seq	CGHub	5b1b9e38-e00a-462b-976a-c540c13718ca	
DO22950	LIHC-US	SP49370	SA267778	TCGA-EP-A12J-01A-11R-A131-07	553	GAF	ALB	0.0573795752764511	3437165		GRCh37	Illumina HiSeq		RNASeqV2_RSEM_genes https://tcga-data.nci.nih.gov/tcgafiles/ftp_auth/distro_ftpusers/anonymous/tumor				RNA-Seq	CGHub	5453b1a0-b5c0-4d85-95b4-4591fdf05874	
DO22950	LIHC-US	SP49376	SA267844	TCGA-EP-A12J-11A-11R-A131-07	566	GAF	ALB	0.080153597897076	3778832		GRCh37	Illumina HiSeq		RNASeqV2_RSEM_genes https://tcga-data.nci.nih.gov/tcgafiles/ftp_auth/distro_ftpusers/anonymous/tumor				RNA-Seq	CGHub	5a1a1f96-bf4f-415d-b2a2-4481a72914cf	
DO22959	LIHC-US	SP49397	SA268114	TCGA-DD-A1EI-11A-11R-A131-07	542	GAF	ALB	0.110210315959778	10207826		GRCh37	Illumina HiSeq		RNASeqV2_RSEM_genes https://tcga-data.nci.nih.gov/tcgafiles/ftp_auth/distro_ftpusers/anonymous/tumor				RNA-Seq	CGHub	196f7a32-4d09-4e8b-9aa4-7964baf951d7	
DO22959	LIHC-US	SP49391	SA268045	TCGA-DD-A1EI-01A-11R-A131-07	543	GAF	ALB	0.0489591449049343	4495911		GRCh37	Illumina HiSeq		RNASeqV2_RSEM_genes https://tcga-data.nci.nih.gov/tcgafiles/ftp_auth/distro_ftpusers/anonymous/tumor				RNA-Seq	CGHub	95cdfdf7-26d2-41b6-bac7-a6305a91ec3c	
DO22923	LIHC-US	SP49310	SA269953	TCGA-DD-A1EA-01A-11R-A131-07	539	GAF	ALB	0.00964276681361275	527570		GRCh37	Illumina HiSeq		RNASeqV2_RSEM_genes https://tcga-data.nci.nih.gov/tcgafiles/ftp_auth/distro_ftpusers/anonymous/tumor				RNA-Seq	CGHub	4e8c2054-b8f7-4754-b42d-4714edcee3c7	
DO22920	LIHC-US	SP49301	SA269839	TCGA-DD-A113-01A-11R-A131-07	549	GAF	ALB	0.0992610893473399	8365477		GRCh37	Illumina HiSeq		RNASeqV2_RSEM_genes https://tcga-data.nci.nih.gov/tcgafiles/ftp_auth/distro_ftpusers/anonymous/tumor				RNA-Seq	CGHub	32faf34e-96a7-4668-9edb-a9addeceda95	
DO22920	LIHC-US	SP49307	SA269911	TCGA-DD-A113-11A-12R-A131-07	562	GAF	ALB	0.0383179508877017	2624787		GRCh37	Illumina HiSeq		RNASeqV2_RSEM_genes https://tcga-data.nci.nih.gov/tcgafiles/ftp_auth/distro_ftpusers/anonymous/tumor				RNA-Seq	CGHub	c6842e1d-4f63-458c-9287-0326c03a69c9	
DO22929	LIHC-US	SP49322	SA270106	TCGA-BC-A216-01A-11R-A155-07	567	GAF	ALB	0.0395591689645637	2977485		GRCh37	Illumina HiSeq		RNASeqV2_RSEM_genes https://tcga-data.nci.nih.gov/tcgafiles/ftp_auth/distro_ftpusers/anonymous/tumor				RNA-Seq	CGHub	2da5bdd2-23ba-4f3f-93f6-90951a889955	
DO22929	LIHC-US	SP49325	SA270148	TCGA-BC-A216-11A-11R-A155-07	609	GAF	ALB	0.0405772116393244	3820289		GRCh37	Illumina HiSeq		RNASeqV2_RSEM_genes https://tcga-data.nci.nih.gov/tcgafiles/ftp_auth/distro_ftpusers/anonymous/tumor				RNA-Seq	CGHub	1ec66ae2-e78a-4eb8-891a-7f8b6b061dca	
DO22926	LIHC-US	SP49316	SA270019	TCGA-BC-A10U-01A-11R-A131-07	558	GAF	ALB	0.0170889393803316	1425122		GRCh37	Illumina HiSeq		RNASeqV2_RSEM_genes https://tcga-data.nci.nih.gov/tcgafiles/ftp_auth/distro_ftpusers/anonymous/tumor				RNA-Seq	CGHub	45684bfb-a8c1-4224-a632-a93aa7f70b47	
DO22926	LIHC-US	SP49319	SA270067	TCGA-BC-A10U-11A-11R-A131-07	564	GAF	ALB	0.0763865705621798	6106362		GRCh37	Illumina HiSeq		RNASeqV2_RSEM_genes https://tcga-data.nci.nih.gov/tcgafiles/ftp_auth/distro_ftpusers/anonymous/tumor				RNA-Seq	CGHub	1c2972fc-456c-4567-be96-bde9d39a0b76	
DO22932	LIHC-US	SP49328	SA267270	TCGA-EP-A2KB-01A-11R-A180-07	582	GAF	ALB	0.0280843758422476	2872342		GRCh37	Illumina HiSeq		RNASeqV2_RSEM_genes https://tcga-data.nci.nih.gov/tcgafiles/ftp_auth/distro_ftpusers/anonymous/tumor				RNA-Seq	CGHub	0b233eab-4541-4b62-b9ae-baebf672403e	
DO22938	LIHC-US	SP49349	SA267499	TCGA-DD-A114-11A-12R-A131-07	153	GAF	ALB	0.0667144398335419	5603283		GRCh37	Illumina HiSeq		RNASeqV2_RSEM_genes https://tcga-data.nci.nih.gov/tcgafiles/ftp_auth/distro_ftpusers/anonymous/tumor				RNA-Seq	CGHub	fbeec4cf-0ad3-4e9e-bfc1-d112b1e51b3a	
DO22938	LIHC-US	SP49343	SA267433	TCGA-DD-A114-01A-11R-A131-07	544	GAF	ALB	0.0282162203978728	994596		GRCh37	Illumina HiSeq		RNASeqV2_RSEM_genes https://tcga-data.nci.nih.gov/tcgafiles/ftp_auth/distro_ftpusers/anonymous/tumor				RNA-Seq	CGHub	6cff6851-4d3c-479d-a83a-e579953f6b18	
DO22935	LIHC-US	SP49334	SA267331	TCGA-EP-A3RK-01A-11R-A22L-07	671	GAF	ALB	0.0115440040505008	844506		GRCh37	Illumina HiSeq		RNASeqV2_RSEM_genes https://tcga-data.nci.nih.gov/tcgafiles/ftp_auth/distro_ftpusers/anonymous/tumor				RNA-Seq	CGHub	2412baac-c345-465e-9c6e-bd17d3797129	
DO22935	LIHC-US	SP49340	SA267391	TCGA-EP-A3RK-11A-11R-A22L-07	674	GAF	ALB	0.129283824492224	8478950		GRCh37	Illumina HiSeq		RNASeqV2_RSEM_genes https://tcga-data.nci.nih.gov/tcgafiles/ftp_auth/distro_ftpusers/anonymous/tumor				RNA-Seq	CGHub	ce3a2fa7-905e-491d-ade0-c8d5712c4afa	
DO22908	LIHC-US	SP49274	SA269515	TCGA-BC-A10Y-11A-11R-A131-07	165	GAF	ALB	0.0990895133434871	6884253		GRCh37	Illumina HiSeq		RNASeqV2_RSEM_genes https://tcga-data.nci.nih.gov/tcgafiles/ftp_auth/distro_ftpusers/anonymous/tumor				RNA-Seq	CGHub	b8e62048-d0a6-4b0f-8e57-e406b783f698	
DO22908	LIHC-US	SP49271	SA269473	TCGA-BC-A10Y-01A-11R-A131-07	598	GAF	ALB	0.031615796440032	2609867		GRCh37	Illumina HiSeq		RNASeqV2_RSEM_genes https://tcga-data.nci.nih.gov/tcgafiles/ftp_auth/distro_ftpusers/anonymous/tumor				RNA-Seq	CGHub	dd37c309-81f0-4d3d-863d-a16aa505e346	
DO22905	LIHC-US	SP49265	SA269386	TCGA-DD-A118-01A-11R-A131-07	151	GAF	ALB	0.00257902551188176	242913		GRCh37	Illumina HiSeq		RNASeqV2_RSEM_genes https://tcga-data.nci.nih.gov/tcgafiles/ftp_auth/distro_ftpusers/anonymous/tumor				RNA-Seq	CGHub	20d6834b-5766-4f4a-b30d-8c14195ec7ed	
DO22905	LIHC-US	SP49268	SA269428	TCGA-DD-A118-11A-11R-A131-07	541	GAF	ALB	0.0886744351692766	4718775		GRCh37	Illumina HiSeq		RNASeqV2_RSEM_genes https://tcga-data.nci.nih.gov/tcgafiles/ftp_auth/distro_ftpusers/anonymous/tumor				RNA-Seq	CGHub	485b184d-15f1-4858-9e06-330d5258cfff	
DO22902	LIHC-US	SP49259	SA269314	TCGA-EP-A3JL-01A-11R-A213-07	658	GAF	ALB	0.0143853783295228	1118016		GRCh37	Illumina HiSeq		RNASeqV2_RSEM_genes https://tcga-data.nci.nih.gov/tcgafiles/ftp_auth/distro_ftpusers/anonymous/tumor				RNA-Seq	CGHub	0b20024b-a8dd-4683-9a3b-00fe4cb14f71	
DO22911	LIHC-US	SP49277	SA269557	TCGA-DD-A115-01A-11R-A131-07	546	GAF	ALB	0.0510321624485642	2848533		GRCh37	Illumina HiSeq		RNASeqV2_RSEM_genes https://tcga-data.nci.nih.gov/tcgafiles/ftp_auth/distro_ftpusers/anonymous/tumor				RNA-Seq	CGHub	bb55462c-2475-4a92-98e4-9119b26c0c82	
DO22917	LIHC-US	SP49298	SA269797	TCGA-DD-A11C-11A-11R-A131-07	547	GAF	ALB	0.0749586988486487	2656485		GRCh37	Illumina HiSeq		RNASeqV2_RSEM_genes https://tcga-data.nci.nih.gov/tcgafiles/ftp_auth/distro_ftpusers/anonymous/tumor				RNA-Seq	CGHub	ba72262f-9361-4d4c-8fa0-cc44e26320f6	
DO22917	LIHC-US	SP49295	SA269755	TCGA-DD-A11C-01A-11R-A131-07	565	GAF	ALB	0.02595556377725	2324999		GRCh37	Illumina HiSeq		RNASeqV2_RSEM_genes https://tcga-data.nci.nih.gov/tcgafiles/ftp_auth/distro_ftpusers/anonymous/tumor				RNA-Seq	CGHub	edc609e1-c791-4d5f-8ca1-272ce9b34289	
DO22914	LIHC-US	SP49286	SA269653	TCGA-FV-A3I1-01A-11R-A22L-07	577	GAF	ALB	0.0354384005420744	2342077		GRCh37	Illumina HiSeq		RNASeqV2_RSEM_genes https://tcga-data.nci.nih.gov/tcgafiles/ftp_auth/distro_ftpusers/anonymous/tumor				RNA-Seq	CGHub	1cc4f319-fc1d-46bb-9fbb-469d66bd23f2	
DO22914	LIHC-US	SP49292	SA269713	TCGA-FV-A3I1-11A-11R-A22L-07	596	GAF	ALB	0.117907926094153	8000280		GRCh37	Illumina HiSeq		RNASeqV2_RSEM_genes https://tcga-data.nci.nih.gov/tcgafiles/ftp_auth/distro_ftpusers/anonymous/tumor				RNA-Seq	CGHub	61fcdecf-52ca-465a-b8f1-262b6540117f	
DO22986	LIHC-US	SP49457	SA268675	TCGA-DD-A1EH-11A-11R-A131-07	172	GAF	ALB	0.0878831138156664	7200935		GRCh37	Illumina HiSeq		RNASeqV2_RSEM_genes https://tcga-data.nci.nih.gov/tcgafiles/ftp_auth/distro_ftpusers/anonymous/tumor				RNA-Seq	CGHub	ac77b52b-6f6c-41ec-b998-6d23250d0516	
DO22986	LIHC-US	SP49449	SA268609	TCGA-DD-A1EH-01A-11R-A131-07	173	GAF	ALB	0.0596950954222644	4577665		GRCh37	Illumina HiSeq		RNASeqV2_RSEM_genes https://tcga-data.nci.nih.gov/tcgafiles/ftp_auth/distro_ftpusers/anonymous/tumor				RNA-Seq	CGHub	0559ff1c-6aee-491f-9b58-747732a10755	
DO22982	LIHC-US	SP49441	SA268522	TCGA-DD-A1EC-01A-21R-A131-07	158	GAF	ALB	0.00573424275255342	459127		GRCh37	Illumina HiSeq		RNASeqV2_RSEM_genes https://tcga-data.nci.nih.gov/tcgafiles/ftp_auth/distro_ftpusers/anonymous/tumor				RNA-Seq	CGHub	7d73dcf5-7ddc-4df8-82f8-19fbb1f719ed	
DO22982	LIHC-US	SP49445	SA268567	TCGA-DD-A1EC-11A-11R-A131-07	163	GAF	ALB	0.0400064850327519	3045251		GRCh37	Illumina HiSeq		RNASeqV2_RSEM_genes https://tcga-data.nci.nih.gov/tcgafiles/ftp_auth/distro_ftpusers/anonymous/tumor				RNA-Seq	CGHub	d3041275-6a41-4974-a082-9b261b65c81f	
DO22998	LIHC-US	SP49481	SA268852	TCGA-DD-A1ED-01A-11R-A155-07	583	GAF	ALB	0.0187623565884677	1974353		GRCh37	Illumina HiSeq		RNASeqV2_RSEM_genes https://tcga-data.nci.nih.gov/tcgafiles/ftp_auth/distro_ftpusers/anonymous/tumor				RNA-Seq	CGHub	24f42719-6ad5-48fb-b27d-5812c3447b46	
DO22994	LIHC-US	SP49469	SA268768	TCGA-DD-A1EJ-01A-11R-A155-07	576	GAF	ALB	0.00632321383633689	706897		GRCh37	Illumina HiSeq		RNASeqV2_RSEM_genes https://tcga-data.nci.nih.gov/tcgafiles/ftp_auth/distro_ftpusers/anonymous/tumor				RNA-Seq	CGHub	c8b3eddd-f3cf-42eb-bb30-ccc3943eadec	
DO22994	LIHC-US	SP49477	SA268814	TCGA-DD-A1EJ-11A-11R-A155-07	581	GAF	ALB	0.0699186332263045	8046277		GRCh37	Illumina HiSeq		RNASeqV2_RSEM_genes https://tcga-data.nci.nih.gov/tcgafiles/ftp_auth/distro_ftpusers/anonymous/tumor				RNA-Seq	CGHub	8e48cff2-5edd-4ce6-9531-5dc594ae78ff	
DO22990	LIHC-US	SP49461	SA268702	TCGA-BC-A3KF-01A-11R-A213-07	608	GAF	ALB	0.0389759277406863	3991067		GRCh37	Illumina HiSeq		RNASeqV2_RSEM_genes https://tcga-data.nci.nih.gov/tcgafiles/ftp_auth/distro_ftpusers/anonymous/tumor				RNA-Seq	CGHub	82ac64bb-6cca-4f17-942a-3108995245a0	
DO22845	LIHC-US	SP49136	SA267883	TCGA-G3-A3CG-01A-11R-A213-07	664	GAF	ALB	0.0350722880750219	2071790		GRCh37	Illumina HiSeq		RNASeqV2_RSEM_genes https://tcga-data.nci.nih.gov/tcgafiles/ftp_auth/distro_ftpusers/anonymous/tumor				RNA-Seq	CGHub	b29ea742-8e19-4cdb-b237-5a7934f01381	
DO22842	LIHC-US	SP49130	SA267811	TCGA-BC-A10S-01A-22R-A131-07	166	GAF	ALB	0.0422897515455431	3715561		GRCh37	Illumina HiSeq		RNASeqV2_RSEM_genes https://tcga-data.nci.nih.gov/tcgafiles/ftp_auth/distro_ftpusers/anonymous/tumor				RNA-Seq	CGHub	68f75980-9246-46b2-82d2-41abd9a72998	
DO22848	LIHC-US	SP49142	SA267952	TCGA-G3-A3CJ-01A-11R-A213-07	603	GAF	ALB	0.00340583632465593	300117		GRCh37	Illumina HiSeq		RNASeqV2_RSEM_genes https://tcga-data.nci.nih.gov/tcgafiles/ftp_auth/distro_ftpusers/anonymous/tumor				RNA-Seq	CGHub	699fc209-b99a-48f4-a8c5-ace6ca7e30a6	
DO22857	LIHC-US	SP49166	SA268243	TCGA-DD-A1EE-01A-11R-A131-07	162	GAF	ALB	0.00398890838603493	306484		GRCh37	Illumina HiSeq		RNASeqV2_RSEM_genes https://tcga-data.nci.nih.gov/tcgafiles/ftp_auth/distro_ftpusers/anonymous/tumor				RNA-Seq	CGHub	b5ef133a-86de-4cd1-9ff2-52e6cbbeaae8	
DO22857	LIHC-US	SP49172	SA268309	TCGA-DD-A1EE-11A-11R-A131-07	551	GAF	ALB	0.0602761277509966	3072861		GRCh37	Illumina HiSeq		RNASeqV2_RSEM_genes https://tcga-data.nci.nih.gov/tcgafiles/ftp_auth/distro_ftpusers/anonymous/tumor				RNA-Seq	CGHub	78eb93c7-0300-4f16-ab32-7489715e3353	
DO22854	LIHC-US	SP49163	SA268201	TCGA-EP-A26S-11A-12R-A16W-07	605	GAF	ALB	0.121050845026506	12102386		GRCh37	Illumina HiSeq		RNASeqV2_RSEM_genes https://tcga-data.nci.nih.gov/tcgafiles/ftp_auth/distro_ftpusers/anonymous/tumor				RNA-Seq	CGHub	3e1411dc-8c6d-4a87-bb4f-44ef5ff8761b	
DO22854	LIHC-US	SP49157	SA268135	TCGA-EP-A26S-01A-11R-A16W-07	615	GAF	ALB	0.0120327296651462	1142984		GRCh37	Illumina HiSeq		RNASeqV2_RSEM_genes https://tcga-data.nci.nih.gov/tcgafiles/ftp_auth/distro_ftpusers/anonymous/tumor				RNA-Seq	CGHub	7e6e755a-5503-4729-a3f4-249183687647	
DO22851	LIHC-US	SP49148	SA268030	TCGA-DD-A11B-01A-11R-A131-07	170	GAF	ALB	0.0549452599231588	4012802		GRCh37	Illumina HiSeq		RNASeqV2_RSEM_genes https://tcga-data.nci.nih.gov/tcgafiles/ftp_auth/distro_ftpusers/anonymous/tumor				RNA-Seq	CGHub	92802474-4e5b-46c9-a000-a4451ad43582	
DO22851	LIHC-US	SP49154	SA268096	TCGA-DD-A11B-11A-11R-A131-07	563	GAF	ALB	0.0848956911150499	4300319		GRCh37	Illumina HiSeq		RNASeqV2_RSEM_genes https://tcga-data.nci.nih.gov/tcgafiles/ftp_auth/distro_ftpusers/anonymous/tumor				RNA-Seq	CGHub	5b37433a-6415-497f-bf36-0f0b5c2ad21e	
DO22834	LIHC-US	SP49109	SA267283	TCGA-BC-4072-01B-11R-A155-07	555	GAF	ALB	0.050601518866082	4509878		GRCh37	Illumina HiSeq		RNASeqV2_RSEM_genes https://tcga-data.nci.nih.gov/tcgafiles/ftp_auth/distro_ftpusers/anonymous/tumor				RNA-Seq	CGHub	091c332c-1596-4db6-88e7-e40ef85f15dd	
DO22835	LIHC-US	SP49113	SA267430	TCGA-DD-A11A-11A-11R-A131-07	559	GAF	ALB	0.0304885015629907	3292325		GRCh37	Illumina HiSeq		RNASeqV2_RSEM_genes https://tcga-data.nci.nih.gov/tcgafiles/ftp_auth/distro_ftpusers/anonymous/tumor				RNA-Seq	CGHub	1f1a8329-397c-4ec8-a7cc-46ec9c48fa42	
DO22835	LIHC-US	SP49111	SA267358	TCGA-DD-A11A-01A-11R-A131-07	836	GAF	ALB	0.0580668669091067	4683022		GRCh37	Illumina HiSeq		RNASeqV2_RSEM_genes https://tcga-data.nci.nih.gov/tcgafiles/ftp_auth/distro_ftpusers/anonymous/tumor				RNA-Seq	CGHub	2e96d65b-0247-40fc-a0e3-90fcb6feac3d	
DO22838	LIHC-US	SP49119	SA267670	TCGA-ES-A2HS-01A-11R-A180-07	568	GAF	ALB	4.01459994425414E-4	34201		GRCh37	Illumina HiSeq		RNASeqV2_RSEM_genes https://tcga-data.nci.nih.gov/tcgafiles/ftp_auth/distro_ftpusers/anonymous/tumor				RNA-Seq	CGHub	e642839c-9891-4ff0-93c4-556d81572af9	
DO22839	LIHC-US	SP49124	SA267736	TCGA-G3-A3CK-01A-11R-A213-07	611	GAF	ALB	0.00657629099380117	655798		GRCh37	Illumina HiSeq		RNASeqV2_RSEM_genes https://tcga-data.nci.nih.gov/tcgafiles/ftp_auth/distro_ftpusers/anonymous/tumor				RNA-Seq	CGHub	33da53e2-4fc2-4689-a651-1c596481af74	
DO22836	LIHC-US	SP49114	SA267472	TCGA-DD-A1EB-01A-11R-A131-07	154	GAF	ALB	0.0324581058196379	2278441		GRCh37	Illumina HiSeq		RNASeqV2_RSEM_genes https://tcga-data.nci.nih.gov/tcgafiles/ftp_auth/distro_ftpusers/anonymous/tumor				RNA-Seq	CGHub	bb931f9d-802e-4e02-b503-a637aa369e8b	
DO22836	LIHC-US	SP49116	SA267547	TCGA-DD-A1EB-11A-11R-A131-07	675	GAF	ALB	0.0866415613207743	7547888		GRCh37	Illumina HiSeq		RNASeqV2_RSEM_genes https://tcga-data.nci.nih.gov/tcgafiles/ftp_auth/distro_ftpusers/anonymous/tumor				RNA-Seq	CGHub	e55a12d6-3ec4-4346-8849-cf7525fff740	
DO22837	LIHC-US	SP49117	SA267580	TCGA-FV-A2QR-01A-11R-A213-07	661	GAF	ALB	0.0652914997682323	4208034		GRCh37	Illumina HiSeq		RNASeqV2_RSEM_genes https://tcga-data.nci.nih.gov/tcgafiles/ftp_auth/distro_ftpusers/anonymous/tumor				RNA-Seq	CGHub	4850e928-80c5-4ad3-9291-2e9d80fde8c6	
DO22837	LIHC-US	SP49118	SA267622	TCGA-FV-A2QR-11A-11R-A213-07	666	GAF	ALB	0.0746723833424539	5333629		GRCh37	Illumina HiSeq		RNASeqV2_RSEM_genes https://tcga-data.nci.nih.gov/tcgafiles/ftp_auth/distro_ftpusers/anonymous/tumor				RNA-Seq	CGHub	6fca2b4e-2aa2-42bb-9991-b0a69e6155cd	
DO22887	LIHC-US	SP49229	SA268975	TCGA-BC-A10Q-01A-11R-A131-07	167	GAF	ALB	5.10669421669331E-4	31955		GRCh37	Illumina HiSeq		RNASeqV2_RSEM_genes https://tcga-data.nci.nih.gov/tcgafiles/ftp_auth/distro_ftpusers/anonymous/tumor				RNA-Seq	CGHub	19c97e3d-f5af-4301-92f4-be8ac9e27427	
DO22887	LIHC-US	SP49232	SA269020	TCGA-BC-A10Q-11A-11R-A131-07	175	GAF	ALB	0.0748384514438356	5237978		GRCh37	Illumina HiSeq		RNASeqV2_RSEM_genes https://tcga-data.nci.nih.gov/tcgafiles/ftp_auth/distro_ftpusers/anonymous/tumor				RNA-Seq	CGHub	469f052a-477e-498a-ba3b-f288dcbc306f	
DO22884	LIHC-US	SP49223	SA268909	TCGA-G3-A25T-01A-11R-A16W-07	602	GAF	ALB	0.00244880423324007	205921		GRCh37	Illumina HiSeq		RNASeqV2_RSEM_genes https://tcga-data.nci.nih.gov/tcgafiles/ftp_auth/distro_ftpusers/anonymous/tumor				RNA-Seq	CGHub	e54a0934-1fc9-4a54-98a1-63063dc61a1b	
DO22881	LIHC-US	SP49217	SA268843	TCGA-CC-5258-01A-01R-A131-07	540	GAF	ALB	0.119236620776206	9670507		GRCh37	Illumina HiSeq		RNASeqV2_RSEM_genes https://tcga-data.nci.nih.gov/tcgafiles/ftp_auth/distro_ftpusers/anonymous/tumor				RNA-Seq	CGHub	54315bb5-c78e-4b9c-b9c1-8d0a944a854f	
DO22899	LIHC-US	SP49253	SA269245	TCGA-BC-A3KG-01A-11R-A213-07	584	GAF	ALB	0.0398729660384093	2917844		GRCh37	Illumina HiSeq		RNASeqV2_RSEM_genes https://tcga-data.nci.nih.gov/tcgafiles/ftp_auth/distro_ftpusers/anonymous/tumor				RNA-Seq	CGHub	46deaeee-1e58-4eae-8aaf-94500ec4a6de	
DO22896	LIHC-US	SP49247	SA269185	TCGA-BC-A217-01A-11R-A155-07	614	GAF	ALB	0.0255676781821935	1910209		GRCh37	Illumina HiSeq		RNASeqV2_RSEM_genes https://tcga-data.nci.nih.gov/tcgafiles/ftp_auth/distro_ftpusers/anonymous/tumor				RNA-Seq	CGHub	84f24356-27a3-4321-a58d-f1f6b135c954	
DO22893	LIHC-US	SP49241	SA269119	TCGA-CC-A3MC-01A-11R-A22L-07	734	GAF	ALB	0.0501245395865936	3453896		GRCh37	Illumina HiSeq		RNASeqV2_RSEM_genes https://tcga-data.nci.nih.gov/tcgafiles/ftp_auth/distro_ftpusers/anonymous/tumor				RNA-Seq	CGHub	19377cf4-aafe-449a-b10b-f637b4eef29f	
DO22866	LIHC-US	SP49187	SA268483	TCGA-G3-A25V-01A-11R-A16W-07	569	GAF	ALB	0.0405356569673129	3207309		GRCh37	Illumina HiSeq		RNASeqV2_RSEM_genes https://tcga-data.nci.nih.gov/tcgafiles/ftp_auth/distro_ftpusers/anonymous/tumor				RNA-Seq	CGHub	b3cf1b9e-aa69-452a-a9cc-f463ab4885be	
DO22863	LIHC-US	SP49181	SA268417	TCGA-G3-A25U-01A-11R-A16W-07	586	GAF	ALB	0.0294673180101682	2071798		GRCh37	Illumina HiSeq		RNASeqV2_RSEM_genes https://tcga-data.nci.nih.gov/tcgafiles/ftp_auth/distro_ftpusers/anonymous/tumor				RNA-Seq	CGHub	9d462109-5858-4282-abc2-81282089bc6a	
DO22860	LIHC-US	SP49175	SA268351	TCGA-CC-5260-01A-01R-A131-07	548	GAF	ALB	3.21379381597309E-4	11923		GRCh37	Illumina HiSeq		RNASeqV2_RSEM_genes https://tcga-data.nci.nih.gov/tcgafiles/ftp_auth/distro_ftpusers/anonymous/tumor				RNA-Seq	CGHub	108f1509-bd7e-4a10-8989-f20f7b45bb09	
DO22869	LIHC-US	SP49196	SA268588	TCGA-BC-A10X-11A-11R-A131-07	575	GAF	ALB	0.0863831372785518	9082578		GRCh37	Illumina HiSeq		RNASeqV2_RSEM_genes https://tcga-data.nci.nih.gov/tcgafiles/ftp_auth/distro_ftpusers/anonymous/tumor				RNA-Seq	CGHub	608bf540-a094-441e-9329-9e759ff5d84d	
DO22869	LIHC-US	SP49193	SA268546	TCGA-BC-A10X-01A-11R-A131-07	594	GAF	ALB	0.0716128997946681	6448587		GRCh37	Illumina HiSeq		RNASeqV2_RSEM_genes https://tcga-data.nci.nih.gov/tcgafiles/ftp_auth/distro_ftpusers/anonymous/tumor				RNA-Seq	CGHub	92c0e4e0-e7a5-486b-82f9-ba7621a10b83	
DO22878	LIHC-US	SP49211	SA268765	TCGA-G3-A3CH-01A-11R-A22L-07	580	GAF	ALB	0.0647333054473728	4285678		GRCh37	Illumina HiSeq		RNASeqV2_RSEM_genes https://tcga-data.nci.nih.gov/tcgafiles/ftp_auth/distro_ftpusers/anonymous/tumor				RNA-Seq	CGHub	7e48e392-4196-4188-bb39-bba65e88c2d5	
DO22878	LIHC-US	SP49214	SA268801	TCGA-G3-A3CH-11A-11R-A22L-07	593	GAF	ALB	0.0979052649234475	7127737		GRCh37	Illumina HiSeq		RNASeqV2_RSEM_genes https://tcga-data.nci.nih.gov/tcgafiles/ftp_auth/distro_ftpusers/anonymous/tumor				RNA-Seq	CGHub	c8de0c98-c69a-44a1-bdf7-e6c731359aac	
DO22875	LIHC-US	SP49205	SA268699	TCGA-CC-5261-01A-01R-A131-07	827	GAF	ALB	0.0751111771247955	2674342		GRCh37	Illumina HiSeq		RNASeqV2_RSEM_genes https://tcga-data.nci.nih.gov/tcgafiles/ftp_auth/distro_ftpusers/anonymous/tumor				RNA-Seq	CGHub	04beffef-0cd3-4935-8f2e-9e11c5638973	
DO22872	LIHC-US	SP49199	SA268624	TCGA-G3-A3CI-01A-11R-A213-07	665	GAF	ALB	0.10852713089074	7238929		GRCh37	Illumina HiSeq		RNASeqV2_RSEM_genes https://tcga-data.nci.nih.gov/tcgafiles/ftp_auth/distro_ftpusers/anonymous/tumor				RNA-Seq	CGHub	b1ad5501-06e7-48c7-9fa9-f76527ae39f1	
DO52330	LIHC-US	SP115886	SA541225	TCGA-ZP-A9CZ-01A-11R-A38B-07	1549	GAF	ALB	0.0976761625939307	5942713		GRCh37	Illumina HiSeq		RNASeqV2_RSEM_genes https://tcga-data.nci.nih.gov/tcgafiles/ftp_auth/distro_ftpusers/anonymous/tumor				RNA-Seq	CGHub	7d467df3-8ea8-4979-a609-775baef7a680	
DO52331	LIHC-US	SP115890	SA541235	TCGA-ZP-A9D0-01A-11R-A37K-07	1540	GAF	ALB	0.0322141838853608	2229072		GRCh37	Illumina HiSeq		RNASeqV2_RSEM_genes https://tcga-data.nci.nih.gov/tcgafiles/ftp_auth/distro_ftpusers/anonymous/tumor				RNA-Seq	CGHub	78a9c934-1a9a-42a4-95ba-c99565afccd0	
DO52332	LIHC-US	SP115894	SA541243	TCGA-ZP-A9D1-01A-11R-A38B-07	1524	GAF	ALB	0.019791204696845	1212636		GRCh37	Illumina HiSeq		RNASeqV2_RSEM_genes https://tcga-data.nci.nih.gov/tcgafiles/ftp_auth/distro_ftpusers/anonymous/tumor				RNA-Seq	CGHub	8a5804cb-d45f-4a6c-b7a0-af505b4b4237	
DO52333	LIHC-US	SP115897	SA541252	TCGA-ZP-A9D2-01A-11R-A38B-07	1518	GAF	ALB	0.0321609836729998	2036903		GRCh37	Illumina HiSeq		RNASeqV2_RSEM_genes https://tcga-data.nci.nih.gov/tcgafiles/ftp_auth/distro_ftpusers/anonymous/tumor				RNA-Seq	CGHub	159b00ee-9db8-4de9-bd94-16e65b917502	
DO52334	LIHC-US	SP115900	SA541264	TCGA-ZS-A9CD-01A-11R-A37K-07	1525	GAF	ALB	0.0108974596294796	691052		GRCh37	Illumina HiSeq		RNASeqV2_RSEM_genes https://tcga-data.nci.nih.gov/tcgafiles/ftp_auth/distro_ftpusers/anonymous/tumor				RNA-Seq	CGHub	35c7281c-ffe6-4fc4-b3de-da4f6a113397	
DO52336	LIHC-US	SP115903	SA541278	TCGA-ZS-A9CG-01A-11R-A37K-07	1531	GAF	ALB	0.018472593259813	1254013		GRCh37	Illumina HiSeq		RNASeqV2_RSEM_genes https://tcga-data.nci.nih.gov/tcgafiles/ftp_auth/distro_ftpusers/anonymous/tumor				RNA-Seq	CGHub	23b47813-7a77-44ca-b650-31a319c1f497	
DO52328	LIHC-US	SP115882	SA541207	TCGA-ZP-A9CV-01A-11R-A38B-07	1556	GAF	ALB	0.0347420011631495	2170422		GRCh37	Illumina HiSeq		RNASeqV2_RSEM_genes https://tcga-data.nci.nih.gov/tcgafiles/ftp_auth/distro_ftpusers/anonymous/tumor				RNA-Seq	CGHub	86f6c86d-d218-4721-86fd-1dd70ee454eb	
DO52329	LIHC-US	SP115884	SA541216	TCGA-ZP-A9CY-01A-11R-A38B-07	1513	GAF	ALB	0.0687544926885481	4649894		GRCh37	Illumina HiSeq		RNASeqV2_RSEM_genes https://tcga-data.nci.nih.gov/tcgafiles/ftp_auth/distro_ftpusers/anonymous/tumor				RNA-Seq	CGHub	f3490052-6688-4279-9d92-0aca9fe94382	
DO52320	LIHC-US	SP115858	SA541133	TCGA-UB-A7MD-01A-12R-A352-07	1194	GAF	ALB	0.00780524428286838	524329		GRCh37	Illumina HiSeq		RNASeqV2_RSEM_genes https://tcga-data.nci.nih.gov/tcgafiles/ftp_auth/distro_ftpusers/anonymous/tumor				RNA-Seq	CGHub	8a1c649e-43ae-4024-83d5-7ec8da50667f	
DO52321	LIHC-US	SP115861	SA541144	TCGA-UB-A7ME-01A-11R-A33J-07	1092	GAF	ALB	0.0608143526240721	4364665		GRCh37	Illumina HiSeq		RNASeqV2_RSEM_genes https://tcga-data.nci.nih.gov/tcgafiles/ftp_auth/distro_ftpusers/anonymous/tumor				RNA-Seq	CGHub	c9e807fc-4988-461d-a918-bff25f639bac	
DO52322	LIHC-US	SP115865	SA541153	TCGA-UB-A7MF-01A-11R-A33J-07	1108	GAF	ALB	0.0766560567193061	6936930		GRCh37	Illumina HiSeq		RNASeqV2_RSEM_genes https://tcga-data.nci.nih.gov/tcgafiles/ftp_auth/distro_ftpusers/anonymous/tumor				RNA-Seq	CGHub	0fd5e345-f535-42ef-9cf5-0db512d2ad73	
DO52323	LIHC-US	SP115868	SA541161	TCGA-UB-AA0U-01A-11R-A38B-07	1520	GAF	ALB	0.0663628295497587	4092453		GRCh37	Illumina HiSeq		RNASeqV2_RSEM_genes https://tcga-data.nci.nih.gov/tcgafiles/ftp_auth/distro_ftpusers/anonymous/tumor				RNA-Seq	CGHub	5055524c-95b9-40d3-a373-401ce12ec223	
DO52324	LIHC-US	SP115870	SA541170	TCGA-UB-AA0V-01A-11R-A38B-07	1533	GAF	ALB	0.103164143287275	4846548		GRCh37	Illumina HiSeq		RNASeqV2_RSEM_genes https://tcga-data.nci.nih.gov/tcgafiles/ftp_auth/distro_ftpusers/anonymous/tumor				RNA-Seq	CGHub	9e1bd81b-74bb-4909-ba0d-1e6bdf98b066	
DO52325	LIHC-US	SP115872	SA541180	TCGA-WJ-A86L-01A-12R-A39D-07	1900	GAF	ALB	0.01606190958179	882933		GRCh37	Illumina HiSeq		RNASeqV2_RSEM_genes https://tcga-data.nci.nih.gov/tcgafiles/ftp_auth/distro_ftpusers/anonymous/tumor				RNA-Seq	CGHub	24863244-1cee-4da9-b730-742a0269ee58	
DO52326	LIHC-US	SP115875	SA541190	TCGA-WQ-A9G7-01A-11R-A37K-07	1522	GAF	ALB	0.0169144282763252	800712		GRCh37	Illumina HiSeq		RNASeqV2_RSEM_genes https://tcga-data.nci.nih.gov/tcgafiles/ftp_auth/distro_ftpusers/anonymous/tumor				RNA-Seq	CGHub	a27a9d35-4804-4b24-8889-4128e4434487	
DO52316	LIHC-US	SP115848	SA541062	TCGA-RG-A7D4-01A-12R-A33R-07	1084	GAF	ALB	0.0297907283904455	1788445		GRCh37	Illumina HiSeq		RNASeqV2_RSEM_genes https://tcga-data.nci.nih.gov/tcgafiles/ftp_auth/distro_ftpusers/anonymous/tumor				RNA-Seq	CGHub	7796772d-d52f-4909-ae88-e961e827c962	
DO52317	LIHC-US	SP115851	SA541078	TCGA-UB-A7MA-01A-11R-A33R-07	1105	GAF	ALB	0.0187336668811532	1104633		GRCh37	Illumina HiSeq		RNASeqV2_RSEM_genes https://tcga-data.nci.nih.gov/tcgafiles/ftp_auth/distro_ftpusers/anonymous/tumor				RNA-Seq	CGHub	a23fd611-d413-4ea7-9061-8caeba4b39ff	
DO52318	LIHC-US	SP115854	SA541097	TCGA-UB-A7MB-01A-11R-A33R-07	1086	GAF	ALB	0.0313441350104084	1996989		GRCh37	Illumina HiSeq		RNASeqV2_RSEM_genes https://tcga-data.nci.nih.gov/tcgafiles/ftp_auth/distro_ftpusers/anonymous/tumor				RNA-Seq	CGHub	a18a49c7-e3e8-422a-b8e5-e5632604191a	
DO52319	LIHC-US	SP115856	SA541115	TCGA-UB-A7MC-01A-11R-A33R-07	1096	GAF	ALB	0.0118828897340748	1118533		GRCh37	Illumina HiSeq		RNASeqV2_RSEM_genes https://tcga-data.nci.nih.gov/tcgafiles/ftp_auth/distro_ftpusers/anonymous/tumor				RNA-Seq	CGHub	86eb0a1e-45f3-4bc1-a2f8-6e369292b113	
DO52311	LIHC-US	SP115839	SA541007	TCGA-RC-A7SF-01A-11R-A352-07	1190	GAF	ALB	0.0693372062434364	4194228		GRCh37	Illumina HiSeq		RNASeqV2_RSEM_genes https://tcga-data.nci.nih.gov/tcgafiles/ftp_auth/distro_ftpusers/anonymous/tumor				RNA-Seq	CGHub	136abc20-19ec-4049-96f9-7fe8dcda7029	
DO52312	LIHC-US	SP115842	SA541025	TCGA-RC-A7SH-01A-11R-A38B-07	1553	GAF	ALB	0.0204294962819235	1025115		GRCh37	Illumina HiSeq		RNASeqV2_RSEM_genes https://tcga-data.nci.nih.gov/tcgafiles/ftp_auth/distro_ftpusers/anonymous/tumor				RNA-Seq	CGHub	6bda7fe9-c8e8-4f79-8e4b-015ca56760b0	
DO52314	LIHC-US	SP115845	SA541044	TCGA-RC-A7SK-01A-11R-A352-07	1197	GAF	ALB	0.0519598320158384	3616920		GRCh37	Illumina HiSeq		RNASeqV2_RSEM_genes https://tcga-data.nci.nih.gov/tcgafiles/ftp_auth/distro_ftpusers/anonymous/tumor				RNA-Seq	CGHub	34982e2a-db69-4bc1-ac82-39ea181190d2	
DO52305	LIHC-US	SP115826	SA540946	TCGA-KR-A7K8-01A-11R-A33J-07	1095	GAF	ALB	0.0258791072189362	1495362		GRCh37	Illumina HiSeq		RNASeqV2_RSEM_genes https://tcga-data.nci.nih.gov/tcgafiles/ftp_auth/distro_ftpusers/anonymous/tumor				RNA-Seq	CGHub	1fbb2486-5c98-42af-a8b7-3c771a30702c	
DO52307	LIHC-US	SP115830	SA540963	TCGA-PD-A5DF-01A-11R-A27V-07	831	GAF	ALB	0.0168133393966803	1102556		GRCh37	Illumina HiSeq		RNASeqV2_RSEM_genes https://tcga-data.nci.nih.gov/tcgafiles/ftp_auth/distro_ftpusers/anonymous/tumor				RNA-Seq	CGHub	41d56421-a998-43b9-b319-18535315c820	
DO52308	LIHC-US	SP115833	SA540972	TCGA-QA-A7B7-01A-11R-A32O-07	1002	GAF	ALB	0.0344715668874966	2943272		GRCh37	Illumina HiSeq		RNASeqV2_RSEM_genes https://tcga-data.nci.nih.gov/tcgafiles/ftp_auth/distro_ftpusers/anonymous/tumor				RNA-Seq	CGHub	c30c0452-81d2-453d-91e2-2be1a07d02c7	
DO52309	LIHC-US	SP115836	SA540988	TCGA-RC-A7S9-01A-11R-A33R-07	1107	GAF	ALB	0.0799640220713815	6600166		GRCh37	Illumina HiSeq		RNASeqV2_RSEM_genes https://tcga-data.nci.nih.gov/tcgafiles/ftp_auth/distro_ftpusers/anonymous/tumor				RNA-Seq	CGHub	811d94b6-2802-44ff-915f-7344886d93bb	
DO52300	LIHC-US	SP115809	SA540894	TCGA-G3-AAV7-01A-11R-A38B-07	1550	GAF	ALB	0.0105196736234221	591679		GRCh37	Illumina HiSeq		RNASeqV2_RSEM_genes https://tcga-data.nci.nih.gov/tcgafiles/ftp_auth/distro_ftpusers/anonymous/tumor				RNA-Seq	CGHub	33a8bccc-6989-4882-828b-1d8c0b5aa91a	
DO52301	LIHC-US	SP115812	SA540904	TCGA-GJ-A9DB-01A-11R-A37K-07	1512	GAF	ALB	0.0515919237088293	2963328		GRCh37	Illumina HiSeq		RNASeqV2_RSEM_genes https://tcga-data.nci.nih.gov/tcgafiles/ftp_auth/distro_ftpusers/anonymous/tumor				RNA-Seq	CGHub	60f5dada-7b3d-49b8-8a96-f2143e1d4c71	
DO52302	LIHC-US	SP115816	SA540912	TCGA-HP-A5N0-01A-11R-A28V-07	820	GAF	ALB	0.0308746331244595	2176950		GRCh37	Illumina HiSeq		RNASeqV2_RSEM_genes https://tcga-data.nci.nih.gov/tcgafiles/ftp_auth/distro_ftpusers/anonymous/tumor				RNA-Seq	CGHub	10285abf-91af-443f-8e5e-61b87c003165	
DO52303	LIHC-US	SP115819	SA540921	TCGA-K7-A5RF-01A-11R-A28V-07	994	GAF	ALB	0.074186705818788	5334046		GRCh37	Illumina HiSeq		RNASeqV2_RSEM_genes https://tcga-data.nci.nih.gov/tcgafiles/ftp_auth/distro_ftpusers/anonymous/tumor				RNA-Seq	CGHub	af1ae913-a82c-4d3f-9705-b45685a434ab	
DO52304	LIHC-US	SP115823	SA540933	TCGA-K7-A5RG-01A-11R-A28V-07	819	GAF	ALB	0.0284322106252024	1709736		GRCh37	Illumina HiSeq		RNASeqV2_RSEM_genes https://tcga-data.nci.nih.gov/tcgafiles/ftp_auth/distro_ftpusers/anonymous/tumor				RNA-Seq	CGHub	a8a41ad6-263c-4c76-987f-2f8a7dffefa1	
DO52253	LIHC-US	SP115697	SA540403	TCGA-DD-AAE0-01A-11R-A41C-07	1913	GAF	ALB	0.0037868735599273	106911		GRCh37	Illumina HiSeq		RNASeqV2_RSEM_genes https://tcga-data.nci.nih.gov/tcgafiles/ftp_auth/distro_ftpusers/anonymous/tumor				RNA-Seq	CGHub	848b19c6-7761-48b9-9f22-ab31d5aadba1	
DO52254	LIHC-US	SP115701	SA540410	TCGA-DD-AAE1-01A-11R-A41C-07	1907	GAF	ALB	0.040110568450361	2132749		GRCh37	Illumina HiSeq		RNASeqV2_RSEM_genes https://tcga-data.nci.nih.gov/tcgafiles/ftp_auth/distro_ftpusers/anonymous/tumor				RNA-Seq	CGHub	ba7eaaac-b25a-4f83-b8f8-885b172ac44c	
DO52256	LIHC-US	SP115705	SA540417	TCGA-DD-AAE2-01A-11R-A41C-07	1902	GAF	ALB	0.0594484465983605	4721767		GRCh37	Illumina HiSeq		RNASeqV2_RSEM_genes https://tcga-data.nci.nih.gov/tcgafiles/ftp_auth/distro_ftpusers/anonymous/tumor				RNA-Seq	CGHub	1ee97326-1e6c-4c92-ab9f-c4eb6aeb5c46	
DO52258	LIHC-US	SP115708	SA540424	TCGA-DD-AAE3-01A-11R-A41C-07	1935	GAF	ALB	0.01343327627973	766119		GRCh37	Illumina HiSeq		RNASeqV2_RSEM_genes https://tcga-data.nci.nih.gov/tcgafiles/ftp_auth/distro_ftpusers/anonymous/tumor				RNA-Seq	CGHub	5b1caa21-6281-47b4-b11f-fbe5458f1ffb	
DO52251	LIHC-US	SP115695	SA540396	TCGA-DD-AADY-01A-11R-A41C-07	1899	GAF	ALB	0.022768165008627	868877		GRCh37	Illumina HiSeq		RNASeqV2_RSEM_genes https://tcga-data.nci.nih.gov/tcgafiles/ftp_auth/distro_ftpusers/anonymous/tumor				RNA-Seq	CGHub	a7a49062-5a0f-4a5f-bcac-9673538f975d	
DO52243	LIHC-US	SP115676	SA540350	TCGA-DD-AADP-01A-11R-A39D-07	1945	GAF	ALB	0.0180858777002291	1167730		GRCh37	Illumina HiSeq		RNASeqV2_RSEM_genes https://tcga-data.nci.nih.gov/tcgafiles/ftp_auth/distro_ftpusers/anonymous/tumor				RNA-Seq	CGHub	6b57a5b6-2306-493a-aecf-0de8d2f098a8	
DO52244	LIHC-US	SP115679	SA540359	TCGA-DD-AADQ-01A-11R-A41C-07	1905	GAF	ALB	0.00475638419568069	367209		GRCh37	Illumina HiSeq		RNASeqV2_RSEM_genes https://tcga-data.nci.nih.gov/tcgafiles/ftp_auth/distro_ftpusers/anonymous/tumor				RNA-Seq	CGHub	c623f952-e487-4d8d-a5c3-eef8bac53a05	
DO52245	LIHC-US	SP115682	SA540366	TCGA-DD-AADR-01A-11R-A41C-07	1920	GAF	ALB	0.021054307555573	1277405		GRCh37	Illumina HiSeq		RNASeqV2_RSEM_genes https://tcga-data.nci.nih.gov/tcgafiles/ftp_auth/distro_ftpusers/anonymous/tumor				RNA-Seq	CGHub	fcea51b1-3899-4c1d-bcc1-b0fbefe01661	
DO52249	LIHC-US	SP115691	SA540387	TCGA-DD-AADW-01A-11R-A39D-07	1895	GAF	ALB	0.0358474368327728	2590345		GRCh37	Illumina HiSeq		RNASeqV2_RSEM_genes https://tcga-data.nci.nih.gov/tcgafiles/ftp_auth/distro_ftpusers/anonymous/tumor				RNA-Seq	CGHub	64842a3f-2584-4d55-9e6c-bb976485476a	
DO52231	LIHC-US	SP115652	SA540287	TCGA-DD-AADD-01A-11R-A41C-07	1941	GAF	ALB	0.0288970654549356	1496394		GRCh37	Illumina HiSeq		RNASeqV2_RSEM_genes https://tcga-data.nci.nih.gov/tcgafiles/ftp_auth/distro_ftpusers/anonymous/tumor				RNA-Seq	CGHub	439c718c-5d13-4516-9343-0a0b8c5869c4	
DO52232	LIHC-US	SP115654	SA540294	TCGA-DD-AADF-01A-11R-A41C-07	1906	GAF	ALB	0.0252077578868847	1586143		GRCh37	Illumina HiSeq		RNASeqV2_RSEM_genes https://tcga-data.nci.nih.gov/tcgafiles/ftp_auth/distro_ftpusers/anonymous/tumor				RNA-Seq	CGHub	3213d854-0c94-4958-94e6-d3ada06b0ed2	
DO52233	LIHC-US	SP115658	SA540301	TCGA-DD-AADI-01A-11R-A41C-07	1942	GAF	ALB	0.00859900002371952	525250		GRCh37	Illumina HiSeq		RNASeqV2_RSEM_genes https://tcga-data.nci.nih.gov/tcgafiles/ftp_auth/distro_ftpusers/anonymous/tumor				RNA-Seq	CGHub	e4311714-b7a4-47b2-81a2-bddd0775f1e6	
DO52234	LIHC-US	SP115661	SA540308	TCGA-DD-AADJ-01A-11R-A41C-07	1880	GAF	ALB	0.0331552205403474	1795513		GRCh37	Illumina HiSeq		RNASeqV2_RSEM_genes https://tcga-data.nci.nih.gov/tcgafiles/ftp_auth/distro_ftpusers/anonymous/tumor				RNA-Seq	CGHub	d3582fe8-0633-449d-969d-8e0e4c06bfd8	
DO52230	LIHC-US	SP115648	SA540275	TCGA-DD-AADC-01A-11R-A41C-07	1874	GAF	ALB	0.00608667752508901	233820		GRCh37	Illumina HiSeq		RNASeqV2_RSEM_genes https://tcga-data.nci.nih.gov/tcgafiles/ftp_auth/distro_ftpusers/anonymous/tumor				RNA-Seq	CGHub	577cf129-d44e-4dda-bc23-bcbe2c55cfcc	
DO52220	LIHC-US	SP115632	SA540201	TCGA-DD-AAD3-01A-11R-A41C-07	1956	GAF	ALB	0.112662185994749	7775725		GRCh37	Illumina HiSeq		RNASeqV2_RSEM_genes https://tcga-data.nci.nih.gov/tcgafiles/ftp_auth/distro_ftpusers/anonymous/tumor				RNA-Seq	CGHub	9aa788e8-ff29-49a1-bec4-282c728de83e	
DO52222	LIHC-US	SP115635	SA540211	TCGA-DD-AAD5-01A-11R-A41C-07	1925	GAF	ALB	0.00135916621018322	98483		GRCh37	Illumina HiSeq		RNASeqV2_RSEM_genes https://tcga-data.nci.nih.gov/tcgafiles/ftp_auth/distro_ftpusers/anonymous/tumor				RNA-Seq	CGHub	6b62b19f-8a09-4042-83e9-f86399aac7d1	
DO52224	LIHC-US	SP115637	SA540223	TCGA-DD-AAD6-01A-11R-A41C-07	1911	GAF	ALB	0.0155049506606708	627565		GRCh37	Illumina HiSeq		RNASeqV2_RSEM_genes https://tcga-data.nci.nih.gov/tcgafiles/ftp_auth/distro_ftpusers/anonymous/tumor				RNA-Seq	CGHub	14edee70-32c0-41f3-a8f1-1b641ab548cb	
DO52226	LIHC-US	SP115640	SA540233	TCGA-DD-AAD8-01A-11R-A41C-07	1918	GAF	ALB	0.0330880546861507	1433062		GRCh37	Illumina HiSeq		RNASeqV2_RSEM_genes https://tcga-data.nci.nih.gov/tcgafiles/ftp_auth/distro_ftpusers/anonymous/tumor				RNA-Seq	CGHub	6c2960e2-ad7a-4c08-a453-1bf747483d42	
DO52227	LIHC-US	SP115642	SA540246	TCGA-DD-AADA-01A-11R-A41C-07	1896	GAF	ALB	0.102149312925001	7172924		GRCh37	Illumina HiSeq		RNASeqV2_RSEM_genes https://tcga-data.nci.nih.gov/tcgafiles/ftp_auth/distro_ftpusers/anonymous/tumor				RNA-Seq	CGHub	392aa482-9a49-403c-817e-7b429e1d82f9	
DO52218	LIHC-US	SP115624	SA540180	TCGA-DD-AAD1-01A-11R-A41C-07	1931	GAF	ALB	0.0347380339528551	1730738		GRCh37	Illumina HiSeq		RNASeqV2_RSEM_genes https://tcga-data.nci.nih.gov/tcgafiles/ftp_auth/distro_ftpusers/anonymous/tumor				RNA-Seq	CGHub	d416dda9-edc6-4dae-b563-23a546e70b8a	
DO52219	LIHC-US	SP115628	SA540190	TCGA-DD-AAD2-01A-11R-A41C-07	1872	GAF	ALB	0.0473737637516393	2486958		GRCh37	Illumina HiSeq		RNASeqV2_RSEM_genes https://tcga-data.nci.nih.gov/tcgafiles/ftp_auth/distro_ftpusers/anonymous/tumor				RNA-Seq	CGHub	2c10e17e-58c2-445c-9306-ca22625bdc38	
DO52210	LIHC-US	SP115599	SA540123	TCGA-DD-AACP-01A-11R-A41C-07	1897	GAF	ALB	0.00665733095725191	418682		GRCh37	Illumina HiSeq		RNASeqV2_RSEM_genes https://tcga-data.nci.nih.gov/tcgafiles/ftp_auth/distro_ftpusers/anonymous/tumor				RNA-Seq	CGHub	6aafc1f6-257e-4105-b032-457bcc52dc1b	
DO52211	LIHC-US	SP115602	SA540130	TCGA-DD-AACQ-01A-11R-A41C-07	1878	GAF	ALB	0.0303468140667829	2330101		GRCh37	Illumina HiSeq		RNASeqV2_RSEM_genes https://tcga-data.nci.nih.gov/tcgafiles/ftp_auth/distro_ftpusers/anonymous/tumor				RNA-Seq	CGHub	3e6d35a3-3a10-4629-a316-8df8cc951678	
DO52213	LIHC-US	SP115608	SA540144	TCGA-DD-AACU-01A-11R-A41C-07	1955	GAF	ALB	0.0289814007520115	1738604		GRCh37	Illumina HiSeq		RNASeqV2_RSEM_genes https://tcga-data.nci.nih.gov/tcgafiles/ftp_auth/distro_ftpusers/anonymous/tumor				RNA-Seq	CGHub	3fea9924-e623-43ef-a003-0821bf2e3013	
DO52214	LIHC-US	SP115611	SA540151	TCGA-DD-AACW-01A-11R-A41C-07	1889	GAF	ALB	0.022511953364685	1414121		GRCh37	Illumina HiSeq		RNASeqV2_RSEM_genes https://tcga-data.nci.nih.gov/tcgafiles/ftp_auth/distro_ftpusers/anonymous/tumor				RNA-Seq	CGHub	6dd11614-cfb8-46ae-ad65-75fb407306e4	
DO52215	LIHC-US	SP115615	SA540159	TCGA-DD-AACX-01A-11R-A41C-07	1928	GAF	ALB	0.0150871752026128	1012899		GRCh37	Illumina HiSeq		RNASeqV2_RSEM_genes https://tcga-data.nci.nih.gov/tcgafiles/ftp_auth/distro_ftpusers/anonymous/tumor				RNA-Seq	CGHub	be86bc67-ccbb-4565-adc3-4577b8067a33	
DO52216	LIHC-US	SP115618	SA540166	TCGA-DD-AACZ-01A-11R-A41C-07	1909	GAF	ALB	0.0139204848303406	955277		GRCh37	Illumina HiSeq		RNASeqV2_RSEM_genes https://tcga-data.nci.nih.gov/tcgafiles/ftp_auth/distro_ftpusers/anonymous/tumor				RNA-Seq	CGHub	c037b79c-c02f-474e-be9d-6c9ca4cfd633	
DO52207	LIHC-US	SP115591	SA540089	TCGA-DD-AACK-01A-11R-A41C-07	1914	GAF	ALB	0.0411295458635836	6285966		GRCh37	Illumina HiSeq		RNASeqV2_RSEM_genes https://tcga-data.nci.nih.gov/tcgafiles/ftp_auth/distro_ftpusers/anonymous/tumor				RNA-Seq	CGHub	1eb7d71a-045d-4c79-8375-100de27caafd	
DO52208	LIHC-US	SP115594	SA540102	TCGA-DD-AACL-01A-11R-A41C-07	1947	GAF	ALB	0.00898000308128223	337112		GRCh37	Illumina HiSeq		RNASeqV2_RSEM_genes https://tcga-data.nci.nih.gov/tcgafiles/ftp_auth/distro_ftpusers/anonymous/tumor				RNA-Seq	CGHub	ece2a45a-7c07-44a2-baca-4a62aa38592f	
DO52200	LIHC-US	SP115573	SA541100	TCGA-DD-AACE-01A-11R-A41C-07	1916	GAF	ALB	0.030136115027155	1636206		GRCh37	Illumina HiSeq		RNASeqV2_RSEM_genes https://tcga-data.nci.nih.gov/tcgafiles/ftp_auth/distro_ftpusers/anonymous/tumor				RNA-Seq	CGHub	087f71fd-fbd5-47c6-92ed-23286b2ed945	
DO52201	LIHC-US	SP115575	SA541114	TCGA-DD-AACF-01A-11R-A41C-07	1951	GAF	ALB	0.0295095769212395	2238898		GRCh37	Illumina HiSeq		RNASeqV2_RSEM_genes https://tcga-data.nci.nih.gov/tcgafiles/ftp_auth/distro_ftpusers/anonymous/tumor				RNA-Seq	CGHub	be1c653d-1f9a-41fd-b53c-024216355721	
DO52202	LIHC-US	SP115578	SA541128	TCGA-DD-AACG-01A-11R-A41C-07	1952	GAF	ALB	0.0232802761242226	1419479		GRCh37	Illumina HiSeq		RNASeqV2_RSEM_genes https://tcga-data.nci.nih.gov/tcgafiles/ftp_auth/distro_ftpusers/anonymous/tumor				RNA-Seq	CGHub	73815125-e38b-4244-99f0-e630c6ea5fff	
DO52203	LIHC-US	SP115582	SA540064	TCGA-DD-AACH-01A-11R-A41C-07	1940	GAF	ALB	0.0571503583329842	4431706		GRCh37	Illumina HiSeq		RNASeqV2_RSEM_genes https://tcga-data.nci.nih.gov/tcgafiles/ftp_auth/distro_ftpusers/anonymous/tumor				RNA-Seq	CGHub	e23ff6ac-2fdf-4838-aaa3-27e012bbf6ed	
DO52205	LIHC-US	SP115585	SA540071	TCGA-DD-AACI-01A-11R-A41C-07	1876	GAF	ALB	0.0351320587960342	1291495		GRCh37	Illumina HiSeq		RNASeqV2_RSEM_genes https://tcga-data.nci.nih.gov/tcgafiles/ftp_auth/distro_ftpusers/anonymous/tumor				RNA-Seq	CGHub	6cf6f149-a805-4f83-90cc-a3cf6eee7317	
DO52297	LIHC-US	SP115800	SA540868	TCGA-G3-AAV3-01A-11R-A37K-07	1543	GAF	ALB	0.0134630265358625	947486		GRCh37	Illumina HiSeq		RNASeqV2_RSEM_genes https://tcga-data.nci.nih.gov/tcgafiles/ftp_auth/distro_ftpusers/anonymous/tumor				RNA-Seq	CGHub	25225fb1-c5ff-4edf-9895-11a7aa21d390	
DO52298	LIHC-US	SP115804	SA540876	TCGA-G3-AAV4-01A-11R-A38B-07	1555	GAF	ALB	0.0166328732580245	961833		GRCh37	Illumina HiSeq		RNASeqV2_RSEM_genes https://tcga-data.nci.nih.gov/tcgafiles/ftp_auth/distro_ftpusers/anonymous/tumor				RNA-Seq	CGHub	30325cae-b955-45a1-9803-84a42c37d130	
DO52299	LIHC-US	SP115806	SA540886	TCGA-G3-AAV6-01A-21R-A37K-07	1503	GAF	ALB	0.0177353288545422	1369744		GRCh37	Illumina HiSeq		RNASeqV2_RSEM_genes https://tcga-data.nci.nih.gov/tcgafiles/ftp_auth/distro_ftpusers/anonymous/tumor				RNA-Seq	CGHub	ebb77266-2b85-4413-b433-4c8db194467a	
DO52290	LIHC-US	SP115781	SA540800	TCGA-G3-A7M5-01A-11R-A33R-07	1085	GAF	ALB	0.0558994662769117	4135942		GRCh37	Illumina HiSeq		RNASeqV2_RSEM_genes https://tcga-data.nci.nih.gov/tcgafiles/ftp_auth/distro_ftpusers/anonymous/tumor				RNA-Seq	CGHub	a439fc68-c013-4f3a-9be7-2e3243938e12	
DO52291	LIHC-US	SP115783	SA540809	TCGA-G3-A7M6-01A-11R-A33R-07	1104	GAF	ALB	0.0298501828076753	1909695		GRCh37	Illumina HiSeq		RNASeqV2_RSEM_genes https://tcga-data.nci.nih.gov/tcgafiles/ftp_auth/distro_ftpusers/anonymous/tumor				RNA-Seq	CGHub	b23af964-65f4-4f37-a750-16a7d460fb38	
DO52292	LIHC-US	SP115785	SA540820	TCGA-G3-A7M8-01A-11R-A33R-07	1103	GAF	ALB	0.0877351794710134	6284374		GRCh37	Illumina HiSeq		RNASeqV2_RSEM_genes https://tcga-data.nci.nih.gov/tcgafiles/ftp_auth/distro_ftpusers/anonymous/tumor				RNA-Seq	CGHub	26e8978a-77bb-459f-b727-51d3fc361670	
DO52293	LIHC-US	SP115788	SA540831	TCGA-G3-AAUZ-01A-11R-A38B-07	1517	GAF	ALB	0.0756323342136049	4981542		GRCh37	Illumina HiSeq		RNASeqV2_RSEM_genes https://tcga-data.nci.nih.gov/tcgafiles/ftp_auth/distro_ftpusers/anonymous/tumor				RNA-Seq	CGHub	fe0ae39e-cbfd-416c-9485-036d0f77531f	
DO52294	LIHC-US	SP115791	SA540841	TCGA-G3-AAV0-01A-11R-A37K-07	1506	GAF	ALB	0.0686741518672676	4475426		GRCh37	Illumina HiSeq		RNASeqV2_RSEM_genes https://tcga-data.nci.nih.gov/tcgafiles/ftp_auth/distro_ftpusers/anonymous/tumor				RNA-Seq	CGHub	cc064dfb-026a-45a9-bf02-f57f473f21a0	
DO52295	LIHC-US	SP115794	SA540849	TCGA-G3-AAV1-01A-11R-A38B-07	1535	GAF	ALB	0.0228148738747914	1641766		GRCh37	Illumina HiSeq		RNASeqV2_RSEM_genes https://tcga-data.nci.nih.gov/tcgafiles/ftp_auth/distro_ftpusers/anonymous/tumor				RNA-Seq	CGHub	b7999182-43bb-4c38-a543-a0bc4dd5a3e3	
DO52296	LIHC-US	SP115797	SA540859	TCGA-G3-AAV2-01A-11R-A37K-07	1514	GAF	ALB	0.0208743190516701	1488854		GRCh37	Illumina HiSeq		RNASeqV2_RSEM_genes https://tcga-data.nci.nih.gov/tcgafiles/ftp_auth/distro_ftpusers/anonymous/tumor				RNA-Seq	CGHub	5d587eff-228f-49e0-a132-da031a81ad0b	
DO52286	LIHC-US	SP115771	SA540629	TCGA-DD-AAW0-01A-11R-A41C-07	1922	GAF	ALB	0.0328211756904365	2323525		GRCh37	Illumina HiSeq		RNASeqV2_RSEM_genes https://tcga-data.nci.nih.gov/tcgafiles/ftp_auth/distro_ftpusers/anonymous/tumor				RNA-Seq	CGHub	7095ba1c-4133-4612-86bf-c3b4dea188ba	
DO52288	LIHC-US	SP115775	SA540636	TCGA-DD-AAW2-01A-11R-A41C-07	1923	GAF	ALB	0.0412287990979855	1766268		GRCh37	Illumina HiSeq		RNASeqV2_RSEM_genes https://tcga-data.nci.nih.gov/tcgafiles/ftp_auth/distro_ftpusers/anonymous/tumor				RNA-Seq	CGHub	3c1b3db3-89b5-479d-8ddf-4765b46934f4	
DO52289	LIHC-US	SP115778	SA540643	TCGA-DD-AAW3-01A-11R-A41C-07	1917	GAF	ALB	0.0587666462837616	2600614		GRCh37	Illumina HiSeq		RNASeqV2_RSEM_genes https://tcga-data.nci.nih.gov/tcgafiles/ftp_auth/distro_ftpusers/anonymous/tumor				RNA-Seq	CGHub	e08177f4-46ff-4f46-94bc-e58870fdfc23	
DO52281	LIHC-US	SP115757	SA540594	TCGA-DD-AAVU-01A-11R-A41C-07	1886	GAF	ALB	0.0077110625374122	577303		GRCh37	Illumina HiSeq		RNASeqV2_RSEM_genes https://tcga-data.nci.nih.gov/tcgafiles/ftp_auth/distro_ftpusers/anonymous/tumor				RNA-Seq	CGHub	ef6ecdbb-20df-4c7b-bb47-5f14af908008	
DO52283	LIHC-US	SP115763	SA540608	TCGA-DD-AAVX-01A-11R-A41C-07	1892	GAF	ALB	0.00334447143195419	164534		GRCh37	Illumina HiSeq		RNASeqV2_RSEM_genes https://tcga-data.nci.nih.gov/tcgafiles/ftp_auth/distro_ftpusers/anonymous/tumor				RNA-Seq	CGHub	7ac6a0a3-3c2a-4e47-a248-690ac73d4593	
DO52284	LIHC-US	SP115765	SA540615	TCGA-DD-AAVY-01A-11R-A41C-07	1898	GAF	ALB	0.0139138681010256	515784		GRCh37	Illumina HiSeq		RNASeqV2_RSEM_genes https://tcga-data.nci.nih.gov/tcgafiles/ftp_auth/distro_ftpusers/anonymous/tumor				RNA-Seq	CGHub	1e91fe2c-87a8-44b1-ba40-f8d92d470a40	
DO52285	LIHC-US	SP115768	SA540622	TCGA-DD-AAVZ-01A-11R-A41C-07	1873	GAF	ALB	0.0288994946022177	1760499		GRCh37	Illumina HiSeq		RNASeqV2_RSEM_genes https://tcga-data.nci.nih.gov/tcgafiles/ftp_auth/distro_ftpusers/anonymous/tumor				RNA-Seq	CGHub	ab1ad0d6-3d4e-463c-9ff2-c355602506c5	
DO52275	LIHC-US	SP115744	SA540566	TCGA-DD-AAVP-01A-11R-A41C-07	1944	GAF	ALB	0.0364732089933585	1387579		GRCh37	Illumina HiSeq		RNASeqV2_RSEM_genes https://tcga-data.nci.nih.gov/tcgafiles/ftp_auth/distro_ftpusers/anonymous/tumor				RNA-Seq	CGHub	6c3a4f09-1862-4fed-9977-759ec00a5aeb	
DO52278	LIHC-US	SP115750	SA540580	TCGA-DD-AAVR-01A-11R-A41C-07	1882	GAF	ALB	0.0333386988294763	2396446		GRCh37	Illumina HiSeq		RNASeqV2_RSEM_genes https://tcga-data.nci.nih.gov/tcgafiles/ftp_auth/distro_ftpusers/anonymous/tumor				RNA-Seq	CGHub	c0c50e3a-973e-429d-b93f-dd7ff2aebbcc	
DO52279	LIHC-US	SP115753	SA540587	TCGA-DD-AAVS-01A-11R-A41C-07	1934	GAF	ALB	0.0221530973312731	1643573		GRCh37	Illumina HiSeq		RNASeqV2_RSEM_genes https://tcga-data.nci.nih.gov/tcgafiles/ftp_auth/distro_ftpusers/anonymous/tumor				RNA-Seq	CGHub	b510c5b5-c31a-4d90-9674-994fd9c50ff1	
DO52270	LIHC-US	SP115732	SA540526	TCGA-DD-AAEE-01A-11R-A41C-07	1936	GAF	ALB	0.0171517605770633	1443346		GRCh37	Illumina HiSeq		RNASeqV2_RSEM_genes https://tcga-data.nci.nih.gov/tcgafiles/ftp_auth/distro_ftpusers/anonymous/tumor				RNA-Seq	CGHub	6624447f-0954-4488-b8f7-2e73162ef22b	
DO52271	LIHC-US	SP115734	SA540541	TCGA-DD-AAEG-01A-11R-A39D-07	1950	GAF	ALB	0.0215583071556036	1850589		GRCh37	Illumina HiSeq		RNASeqV2_RSEM_genes https://tcga-data.nci.nih.gov/tcgafiles/ftp_auth/distro_ftpusers/anonymous/tumor				RNA-Seq	CGHub	700bf3b6-dff8-4de7-877f-1c742620f896	
DO52272	LIHC-US	SP115737	SA540552	TCGA-DD-AAEH-01A-11R-A41C-07	1883	GAF	ALB	0.0650923795740281	3876624		GRCh37	Illumina HiSeq		RNASeqV2_RSEM_genes https://tcga-data.nci.nih.gov/tcgafiles/ftp_auth/distro_ftpusers/anonymous/tumor				RNA-Seq	CGHub	5be075bb-9fa0-4821-8e61-672f28e2b833	
DO52273	LIHC-US	SP115740	SA540559	TCGA-DD-AAEK-01A-11R-A41C-07	1929	GAF	ALB	0.0385973595522771	1381026		GRCh37	Illumina HiSeq		RNASeqV2_RSEM_genes https://tcga-data.nci.nih.gov/tcgafiles/ftp_auth/distro_ftpusers/anonymous/tumor				RNA-Seq	CGHub	099fe601-12b3-4e3d-8d01-322ef9ac9e5a	
DO52264	LIHC-US	SP115721	SA540470	TCGA-DD-AAE9-01A-11R-A41C-07	1881	GAF	ALB	0.0159495515720776	632039		GRCh37	Illumina HiSeq		RNASeqV2_RSEM_genes https://tcga-data.nci.nih.gov/tcgafiles/ftp_auth/distro_ftpusers/anonymous/tumor				RNA-Seq	CGHub	134b8660-251e-428f-9057-b385b122c5ec	
DO52266	LIHC-US	SP115724	SA540485	TCGA-DD-AAEA-01A-11R-A41C-07	1948	GAF	ALB	0.0272597293769332	863932		GRCh37	Illumina HiSeq		RNASeqV2_RSEM_genes https://tcga-data.nci.nih.gov/tcgafiles/ftp_auth/distro_ftpusers/anonymous/tumor				RNA-Seq	CGHub	c23a2426-2763-4088-b85b-e9cfcfc7959d	
DO52267	LIHC-US	SP115726	SA540499	TCGA-DD-AAEB-01A-11R-A41C-07	1910	GAF	ALB	0.0263815602988199	1458403		GRCh37	Illumina HiSeq		RNASeqV2_RSEM_genes https://tcga-data.nci.nih.gov/tcgafiles/ftp_auth/distro_ftpusers/anonymous/tumor				RNA-Seq	CGHub	34dd06ab-c00e-4e24-8c92-eae9c430216a	
DO52268	LIHC-US	SP115729	SA540513	TCGA-DD-AAED-01A-12R-A41C-07	1903	GAF	ALB	0.0393445000569338	1746036		GRCh37	Illumina HiSeq		RNASeqV2_RSEM_genes https://tcga-data.nci.nih.gov/tcgafiles/ftp_auth/distro_ftpusers/anonymous/tumor				RNA-Seq	CGHub	ccf74279-b0d5-45ca-9a90-fd7d3d2fa630	
DO52260	LIHC-US	SP115711	SA540431	TCGA-DD-AAE4-01A-11R-A41C-07	1930	GAF	ALB	0.0509722702760415	2838294		GRCh37	Illumina HiSeq		RNASeqV2_RSEM_genes https://tcga-data.nci.nih.gov/tcgafiles/ftp_auth/distro_ftpusers/anonymous/tumor				RNA-Seq	CGHub	e1aa2737-5bf3-4348-b3bf-07d881e71e6e	
DO52261	LIHC-US	SP115713	SA540438	TCGA-DD-AAE6-01A-11R-A41C-07	1908	GAF	ALB	0.0353676268393887	2425546		GRCh37	Illumina HiSeq		RNASeqV2_RSEM_genes https://tcga-data.nci.nih.gov/tcgafiles/ftp_auth/distro_ftpusers/anonymous/tumor				RNA-Seq	CGHub	8d639a44-445c-440c-8452-bafba2df33fc	
DO52190	LIHC-US	SP115544	SA540792	TCGA-CC-A9FU-01A-11R-A37K-07	1548	GAF	ALB	0.0189027613962319	1475625		GRCh37	Illumina HiSeq		RNASeqV2_RSEM_genes https://tcga-data.nci.nih.gov/tcgafiles/ftp_auth/distro_ftpusers/anonymous/tumor				RNA-Seq	CGHub	654a532f-71be-4ce2-9102-e73dde083ab1	
DO52192	LIHC-US	SP115547	SA540981	TCGA-DD-AA3A-01A-11R-A37K-07	1527	GAF	ALB	0.00301066981949485	126657		GRCh37	Illumina HiSeq		RNASeqV2_RSEM_genes https://tcga-data.nci.nih.gov/tcgafiles/ftp_auth/distro_ftpusers/anonymous/tumor				RNA-Seq	CGHub	99fb714e-01a3-4aa0-8792-39df3be95a1d	
DO52193	LIHC-US	SP115550	SA540997	TCGA-DD-AAC8-01A-11R-A41C-07	1946	GAF	ALB	0.00385012239255809	263930		GRCh37	Illumina HiSeq		RNASeqV2_RSEM_genes https://tcga-data.nci.nih.gov/tcgafiles/ftp_auth/distro_ftpusers/anonymous/tumor				RNA-Seq	CGHub	3c6ca697-64ab-43d8-99ab-10ecbc0e8313	
DO52194	LIHC-US	SP115554	SA541009	TCGA-DD-AAC9-01A-11R-A41C-07	1888	GAF	ALB	0.0235147132189729	1748700		GRCh37	Illumina HiSeq		RNASeqV2_RSEM_genes https://tcga-data.nci.nih.gov/tcgafiles/ftp_auth/distro_ftpusers/anonymous/tumor				RNA-Seq	CGHub	49d7b78f-7841-4969-b063-5bc57099283c	
DO52196	LIHC-US	SP115562	SA541043	TCGA-DD-AACA-02B-11R-A41C-07	1875	GAF	ALB	0.0291208133577445	2649286		GRCh37	Illumina HiSeq		RNASeqV2_RSEM_genes https://tcga-data.nci.nih.gov/tcgafiles/ftp_auth/distro_ftpusers/anonymous/tumor				RNA-Seq	CGHub	b1bab5f2-614b-436b-b53f-b2910b70c487	
DO52196	LIHC-US	SP115558	SA541024	TCGA-DD-AACA-01A-11R-A41C-07	1893	GAF	ALB	0.0226476791902489	1774748		GRCh37	Illumina HiSeq		RNASeqV2_RSEM_genes https://tcga-data.nci.nih.gov/tcgafiles/ftp_auth/distro_ftpusers/anonymous/tumor				RNA-Seq	CGHub	57f193de-ae4f-4ac9-aab2-a5e275b3501e	
DO52196	LIHC-US	SP115560	SA541034	TCGA-DD-AACA-02A-11R-A41C-07	1912	GAF	ALB	0.0471242344921118	3139515		GRCh37	Illumina HiSeq		RNASeqV2_RSEM_genes https://tcga-data.nci.nih.gov/tcgafiles/ftp_auth/distro_ftpusers/anonymous/tumor				RNA-Seq	CGHub	3f1addce-3a5a-4b68-ae77-df6191c9ba57	
DO52197	LIHC-US	SP115565	SA541057	TCGA-DD-AACB-01A-11R-A41C-07	1915	GAF	ALB	0.0142380080931167	635134		GRCh37	Illumina HiSeq		RNASeqV2_RSEM_genes https://tcga-data.nci.nih.gov/tcgafiles/ftp_auth/distro_ftpusers/anonymous/tumor				RNA-Seq	CGHub	09c2a2ad-2174-4ebc-b356-628af5e05799	
DO52187	LIHC-US	SP115536	SA540764	TCGA-CC-A8HT-01A-11R-A36F-07	1348	GAF	ALB	0.0345800948481421	1994231		GRCh37	Illumina HiSeq		RNASeqV2_RSEM_genes https://tcga-data.nci.nih.gov/tcgafiles/ftp_auth/distro_ftpusers/anonymous/tumor				RNA-Seq	CGHub	33b64021-96cf-4916-92db-948b9a767d1b	
DO52188	LIHC-US	SP115538	SA540773	TCGA-CC-A8HU-01A-11R-A36F-07	1352	GAF	ALB	0.0456148967993861	3044486		GRCh37	Illumina HiSeq		RNASeqV2_RSEM_genes https://tcga-data.nci.nih.gov/tcgafiles/ftp_auth/distro_ftpusers/anonymous/tumor				RNA-Seq	CGHub	81b1e9c2-4184-42bd-86ac-a8452d7ca9ec	
DO52189	LIHC-US	SP115542	SA540783	TCGA-CC-A8HV-01A-11R-A36F-07	1344	GAF	ALB	0.0221323164811649	1287405		GRCh37	Illumina HiSeq		RNASeqV2_RSEM_genes https://tcga-data.nci.nih.gov/tcgafiles/ftp_auth/distro_ftpusers/anonymous/tumor				RNA-Seq	CGHub	2eabe1cd-7b0a-4a9f-a26b-c43dd0f61e44	
DO52181	LIHC-US	SP115520	SA540702	TCGA-CC-A7IH-01A-11R-A33J-07	1088	GAF	ALB	0.0216522185811534	1620659		GRCh37	Illumina HiSeq		RNASeqV2_RSEM_genes https://tcga-data.nci.nih.gov/tcgafiles/ftp_auth/distro_ftpusers/anonymous/tumor				RNA-Seq	CGHub	8d017f32-1008-4312-b94e-a98be428973f	
DO52182	LIHC-US	SP115522	SA540713	TCGA-CC-A7II-01A-11R-A33J-07	1094	GAF	ALB	8.29334800028693E-5	7003		GRCh37	Illumina HiSeq		RNASeqV2_RSEM_genes https://tcga-data.nci.nih.gov/tcgafiles/ftp_auth/distro_ftpusers/anonymous/tumor				RNA-Seq	CGHub	097f54ce-6270-4e1f-bd7a-f55ed185bead	
DO52183	LIHC-US	SP115524	SA540723	TCGA-CC-A7IJ-01A-11R-A33R-07	1106	GAF	ALB	1.47288426432643E-5	996		GRCh37	Illumina HiSeq		RNASeqV2_RSEM_genes https://tcga-data.nci.nih.gov/tcgafiles/ftp_auth/distro_ftpusers/anonymous/tumor				RNA-Seq	CGHub	96863e50-5c9b-4bee-8870-8c938aa66633	
DO52184	LIHC-US	SP115526	SA540735	TCGA-CC-A7IK-01A-12R-A33R-07	1093	GAF	ALB	0.00910463443283751	642725		GRCh37	Illumina HiSeq		RNASeqV2_RSEM_genes https://tcga-data.nci.nih.gov/tcgafiles/ftp_auth/distro_ftpusers/anonymous/tumor				RNA-Seq	CGHub	acaa569c-eed9-471d-8eb2-4723eb07c00b	
DO52185	LIHC-US	SP115529	SA540745	TCGA-CC-A7IL-01A-11R-A33R-07	1101	GAF	ALB	0.0105021216511513	1062246		GRCh37	Illumina HiSeq		RNASeqV2_RSEM_genes https://tcga-data.nci.nih.gov/tcgafiles/ftp_auth/distro_ftpusers/anonymous/tumor				RNA-Seq	CGHub	e198c43b-5d3f-4fe6-8f3c-09642a2b4995	
DO52186	LIHC-US	SP115532	SA540755	TCGA-CC-A8HS-01A-11R-A36F-07	1343	GAF	ALB	0.044423785041599	2537822		GRCh37	Illumina HiSeq		RNASeqV2_RSEM_genes https://tcga-data.nci.nih.gov/tcgafiles/ftp_auth/distro_ftpusers/anonymous/tumor				RNA-Seq	CGHub	c8c2f5d3-a744-4bff-acdb-ada38d8dd074	
DO52177	LIHC-US	SP115513	SA540680	TCGA-CC-A7IF-01A-11R-A33J-07	1097	GAF	ALB	0.0424979147331608	2759061		GRCh37	Illumina HiSeq		RNASeqV2_RSEM_genes https://tcga-data.nci.nih.gov/tcgafiles/ftp_auth/distro_ftpusers/anonymous/tumor				RNA-Seq	CGHub	cb8ca883-8695-48c3-9ab4-2f3a84e562ef	
DO52179	LIHC-US	SP115517	SA540689	TCGA-CC-A7IG-01A-11R-A33J-07	1102	GAF	ALB	0.0197329258199213	1497884		GRCh37	Illumina HiSeq		RNASeqV2_RSEM_genes https://tcga-data.nci.nih.gov/tcgafiles/ftp_auth/distro_ftpusers/anonymous/tumor				RNA-Seq	CGHub	0caa8897-d988-4898-8c6a-c706598b9b94	
DO52170	LIHC-US	SP115495	SA540488	TCGA-BD-A3ER-01A-11R-A213-07	668	GAF	ALB	0.0261483170591164	1827264		GRCh37	Illumina HiSeq		RNASeqV2_RSEM_genes https://tcga-data.nci.nih.gov/tcgafiles/ftp_auth/distro_ftpusers/anonymous/tumor				RNA-Seq	CGHub	459ab827-f9c7-4b30-9b6a-86bee706c6e0	
DO52171	LIHC-US	SP115498	SA540511	TCGA-BW-A5NO-01A-11R-A27V-07	822	GAF	ALB	0.0288302410158526	1112989		GRCh37	Illumina HiSeq		RNASeqV2_RSEM_genes https://tcga-data.nci.nih.gov/tcgafiles/ftp_auth/distro_ftpusers/anonymous/tumor				RNA-Seq	CGHub	38bb0662-ec22-4b4f-9264-69957e582b33	
DO52172	LIHC-US	SP115501	SA540534	TCGA-BW-A5NP-01A-11R-A27V-07	837	GAF	ALB	0.0166697705509889	1369009		GRCh37	Illumina HiSeq		RNASeqV2_RSEM_genes https://tcga-data.nci.nih.gov/tcgafiles/ftp_auth/distro_ftpusers/anonymous/tumor				RNA-Seq	CGHub	d2b612ea-bc88-4b16-971d-6f0141bed0b9	
DO52173	LIHC-US	SP115504	SA540650	TCGA-CC-A5UC-01A-11R-A28V-07	914	GAF	ALB	0.0319291445921107	1856768		GRCh37	Illumina HiSeq		RNASeqV2_RSEM_genes https://tcga-data.nci.nih.gov/tcgafiles/ftp_auth/distro_ftpusers/anonymous/tumor				RNA-Seq	CGHub	04ecdbec-f452-4bff-986c-23b414d92252	
DO52174	LIHC-US	SP115507	SA540659	TCGA-CC-A5UE-01A-11R-A28V-07	813	GAF	ALB	0.00287492315982689	178387		GRCh37	Illumina HiSeq		RNASeqV2_RSEM_genes https://tcga-data.nci.nih.gov/tcgafiles/ftp_auth/distro_ftpusers/anonymous/tumor				RNA-Seq	CGHub	dff668bd-b423-4ab8-961c-93c0bc093763	
DO52175	LIHC-US	SP115509	SA540668	TCGA-CC-A7IE-01A-21R-A38B-07	1530	GAF	ALB	0.0166278422214863	1080478		GRCh37	Illumina HiSeq		RNASeqV2_RSEM_genes https://tcga-data.nci.nih.gov/tcgafiles/ftp_auth/distro_ftpusers/anonymous/tumor				RNA-Seq	CGHub	b4e476f1-17f7-4af3-9076-8bcd783324a7	
DO52166	LIHC-US	SP115487	SA540259	TCGA-5C-A9VH-01A-11R-A37K-07	1554	GAF	ALB	0.0227345629522895	1289988		GRCh37	Illumina HiSeq		RNASeqV2_RSEM_genes https://tcga-data.nci.nih.gov/tcgafiles/ftp_auth/distro_ftpusers/anonymous/tumor				RNA-Seq	CGHub	859c895b-14f8-4155-9b35-bf6e7abb2c5d	
DO52168	LIHC-US	SP115489	SA540274	TCGA-5C-AAPD-01A-21R-A39D-07	1932	GAF	ALB	0.0640036437723693	3512383		GRCh37	Illumina HiSeq		RNASeqV2_RSEM_genes https://tcga-data.nci.nih.gov/tcgafiles/ftp_auth/distro_ftpusers/anonymous/tumor				RNA-Seq	CGHub	4aced91c-f8c4-4eb7-8911-4924c1ffcd99	
DO52169	LIHC-US	SP115494	SA540475	TCGA-BD-A3EP-11A-12R-A22L-07	743	GAF	ALB	0.114615624691647	7094349		GRCh37	Illumina HiSeq		RNASeqV2_RSEM_genes https://tcga-data.nci.nih.gov/tcgafiles/ftp_auth/distro_ftpusers/anonymous/tumor				RNA-Seq	CGHub	58067780-a21b-4eeb-b061-caef50ea0650	
DO52169	LIHC-US	SP115492	SA540461	TCGA-BD-A3EP-01A-11R-A22L-07	756	GAF	ALB	0.0103190013870855	629431		GRCh37	Illumina HiSeq		RNASeqV2_RSEM_genes https://tcga-data.nci.nih.gov/tcgafiles/ftp_auth/distro_ftpusers/anonymous/tumor				RNA-Seq	CGHub	22142880-0e1a-4e12-98b1-2597e9d14def	
DO52163	LIHC-US	SP115480	SA540241	TCGA-5C-A9VG-01A-11R-A37K-07	1538	GAF	ALB	0.0184240717751351	1190775		GRCh37	Illumina HiSeq		RNASeqV2_RSEM_genes https://tcga-data.nci.nih.gov/tcgafiles/ftp_auth/distro_ftpusers/anonymous/tumor				RNA-Seq	CGHub	c0c2c272-ac73-445e-85a9-d7ba6ff53391	
